/*
 Navicat Premium Data Transfer

 Source Server         : 阿里云
 Source Server Type    : MySQL
 Source Server Version : 80026 (8.0.26)
 Source Host           : 127.0.0.1:3306
 Source Schema         : enterprise-wx-push

 Target Server Type    : MySQL
 Target Server Version : 80026 (8.0.26)
 File Encoding         : 65001

 Date: 25/05/2023 14:00:41
*/

SET NAMES utf8mb4;
SET FOREIGN_KEY_CHECKS = 0;

-- ----------------------------
-- Table structure for course_data
-- ----------------------------
DROP TABLE IF EXISTS `course_data`;
CREATE TABLE `course_data`  (
  `course_id` int NOT NULL AUTO_INCREMENT COMMENT '课程ID',
  `course_name` varchar(255) CHARACTER SET utf8mb4 COLLATE utf8mb4_0900_ai_ci NULL DEFAULT NULL COMMENT '课程名称',
  `course_venue` varchar(255) CHARACTER SET utf8mb4 COLLATE utf8mb4_0900_ai_ci NULL DEFAULT NULL COMMENT '上课地点',
  `course_specialized` int NULL DEFAULT NULL COMMENT '是否为专业课程',
  PRIMARY KEY (`course_id`) USING BTREE
) ENGINE = InnoDB AUTO_INCREMENT = 18 CHARACTER SET = utf8mb4 COLLATE = utf8mb4_0900_ai_ci ROW_FORMAT = DYNAMIC;

-- ----------------------------
-- Records of course_data
-- ----------------------------
INSERT INTO `course_data` VALUES (1, '⚽体育', '🏟田径场、篮球场', 0);
INSERT INTO `course_data` VALUES (2, '🥇HTML5与移动应用开发', '🏢信息楼305', 1);
INSERT INTO `course_data` VALUES (3, '🥈企业级项目实战', '🏢信息楼302', 1);
INSERT INTO `course_data` VALUES (4, '🥉Java Web应用开发', '🏢信息楼309', 1);
INSERT INTO `course_data` VALUES (5, '💫习近平新时代中国特色社会主义思想概论', '🏗汽车楼203-B', 0);
INSERT INTO `course_data` VALUES (6, '🤡选修课', '🌍全校范围', 0);
INSERT INTO `course_data` VALUES (7, '💤形势与政策', '🏗汽车楼401', 0);
INSERT INTO `course_data` VALUES (8, '💬创业基础', '🏗机电楼402-B', 0);

-- ----------------------------
-- Table structure for course_info
-- ----------------------------
DROP TABLE IF EXISTS `course_info`;
CREATE TABLE `course_info`  (
  `course_id` int NOT NULL AUTO_INCREMENT COMMENT '课程ID',
  `course_name` varchar(255) CHARACTER SET utf8mb4 COLLATE utf8mb4_0900_ai_ci NULL DEFAULT NULL COMMENT '课程名称',
  `course_venue` varchar(255) CHARACTER SET utf8mb4 COLLATE utf8mb4_0900_ai_ci NULL DEFAULT NULL COMMENT '上课地点',
  `course_period` varchar(255) CHARACTER SET utf8mb4 COLLATE utf8mb4_0900_ai_ci NULL DEFAULT NULL COMMENT '课程周期',
  `course_week` varchar(255) CHARACTER SET utf8mb4 COLLATE utf8mb4_0900_ai_ci NULL DEFAULT NULL COMMENT '课程星期',
  `course_section` varchar(255) CHARACTER SET utf8mb4 COLLATE utf8mb4_0900_ai_ci NULL DEFAULT NULL COMMENT '课程节次',
  `course_specialized` int NULL DEFAULT NULL COMMENT '是否为专业课程',
  PRIMARY KEY (`course_id`) USING BTREE
) ENGINE = InnoDB AUTO_INCREMENT = 12 CHARACTER SET = utf8mb4 COLLATE = utf8mb4_0900_ai_ci ROW_FORMAT = DYNAMIC;

-- ----------------------------
-- Records of course_info
-- ----------------------------
INSERT INTO `course_info` VALUES (1, '⚽体育', '🏟田径场、篮球场', '1-18', '1', '2', 0);
INSERT INTO `course_info` VALUES (2, '🥇HTML5与移动应用开发', '🏢信息楼305', '1-18', '1', '3-4', 1);
INSERT INTO `course_info` VALUES (3, '🥈企业级项目实战', '🏢信息楼302', '9-18', '3', '5', 1);
INSERT INTO `course_info` VALUES (4, '🥉Java Web应用开发', '🏢信息楼309', '1-18', '2', '3-4', 1);
INSERT INTO `course_info` VALUES (5, '💫习近平新时代中国特色社会主义思想概论', '🏗汽车楼203-B', '2-13', '4', '4', 0);
INSERT INTO `course_info` VALUES (6, '🥈企业级项目实战', '🏢信息楼302', '9-18', '4', '1-2', 1);
INSERT INTO `course_info` VALUES (7, '💤形势与政策', '🏗汽车楼401', '3-6', '4', '3', 0);
INSERT INTO `course_info` VALUES (8, '💬创业基础', '🏗机电楼401-1', '1-18', '3', '2', 0);
INSERT INTO `course_info` VALUES (9, '🥇HTML5与移动应用开发', '🏢信息楼305', '1-18', '5', '1-2', 1);
INSERT INTO `course_info` VALUES (10, '🥉Java Web应用开发', '🏢信息楼309', '1-18', '3', '3-4', 1);
INSERT INTO `course_info` VALUES (11, '🤡选修课', '🌍全校范围', '1-18', '5', '3', 0);

-- ----------------------------
-- Table structure for curriculum_data
-- ----------------------------
DROP TABLE IF EXISTS `curriculum_data`;
CREATE TABLE `curriculum_data`  (
  `curriculum_id` int NOT NULL AUTO_INCREMENT,
  `course_id` int NOT NULL,
  `course_name` varchar(255) CHARACTER SET utf8mb4 COLLATE utf8mb4_0900_ai_ci NOT NULL,
  `course_venue` varchar(255) CHARACTER SET utf8mb4 COLLATE utf8mb4_0900_ai_ci NOT NULL,
  `course_specialized` int NOT NULL,
  `teacher_id` int NOT NULL,
  `teacher_name` varchar(255) CHARACTER SET utf8mb4 COLLATE utf8mb4_0900_ai_ci NOT NULL,
  `teacher_phone` varchar(255) CHARACTER SET utf8mb4 COLLATE utf8mb4_0900_ai_ci NULL DEFAULT NULL,
  `teacher_institute` varchar(255) CHARACTER SET utf8mb4 COLLATE utf8mb4_0900_ai_ci NULL DEFAULT NULL,
  `teacher_specialized` varchar(255) CHARACTER SET utf8mb4 COLLATE utf8mb4_0900_ai_ci NULL DEFAULT NULL,
  `curriculum_period` int NOT NULL,
  `curriculum_week` int NOT NULL,
  `curriculum_section` int NOT NULL,
  PRIMARY KEY (`curriculum_id`) USING BTREE
) ENGINE = InnoDB AUTO_INCREMENT = 6509 CHARACTER SET = utf8mb4 COLLATE = utf8mb4_0900_ai_ci ROW_FORMAT = DYNAMIC;

-- ----------------------------
-- Records of curriculum_data
-- ----------------------------
INSERT INTO `curriculum_data` VALUES (6256, 1, '⚽体育', '🏟田径场、篮球场', 0, 19, '田瑶', '123', '信息工程学院', '0', 1, 1, 2);
INSERT INTO `curriculum_data` VALUES (6257, 2, '🥇HTML5与移动应用开发', '🏢信息楼305', 1, 1, '冯天佑', '15573286607', '信息工程学院', '1', 1, 1, 3);
INSERT INTO `curriculum_data` VALUES (6258, 2, '🥇HTML5与移动应用开发', '🏢信息楼305', 1, 1, '冯天佑', '15573286607', '信息工程学院', '1', 1, 1, 4);
INSERT INTO `curriculum_data` VALUES (6259, 4, '🥉Java Web应用开发', '🏢信息楼309', 1, 1, '冯天佑', '15573286607', '信息工程学院', '1', 1, 2, 3);
INSERT INTO `curriculum_data` VALUES (6260, 4, '🥉Java Web应用开发', '🏢信息楼309', 1, 1, '冯天佑', '15573286607', '信息工程学院', '1', 1, 2, 4);
INSERT INTO `curriculum_data` VALUES (6261, 8, '💬创业基础', '🏗机电楼402-B', 0, 1, '冯天佑', '15573286607', '信息工程学院', '0', 1, 3, 2);
INSERT INTO `curriculum_data` VALUES (6262, 4, '🥉Java Web应用开发', '🏢信息楼309', 1, 1, '冯天佑', '15573286607', '信息工程学院', '1', 1, 3, 3);
INSERT INTO `curriculum_data` VALUES (6263, 4, '🥉Java Web应用开发', '🏢信息楼309', 1, 1, '冯天佑', '15573286607', '信息工程学院', '1', 1, 3, 4);
INSERT INTO `curriculum_data` VALUES (6264, 2, '🥇HTML5与移动应用开发', '🏢信息楼305', 1, 1, '冯天佑', '15573286607', '信息工程学院', '1', 1, 5, 1);
INSERT INTO `curriculum_data` VALUES (6265, 2, '🥇HTML5与移动应用开发', '🏢信息楼305', 1, 1, '冯天佑', '15573286607', '信息工程学院', '1', 1, 5, 2);
INSERT INTO `curriculum_data` VALUES (6266, 6, '🤡选修课', '🌍全校范围', 0, 1, '冯天佑', '15573286607', '信息工程学院', '0', 1, 5, 3);
INSERT INTO `curriculum_data` VALUES (6267, 1, '⚽体育', '🏟田径场、篮球场', 0, 19, '田瑶', '123', '信息工程学院', '0', 2, 1, 2);
INSERT INTO `curriculum_data` VALUES (6268, 2, '🥇HTML5与移动应用开发', '🏢信息楼305', 1, 1, '冯天佑', '15573286607', '信息工程学院', '1', 2, 1, 3);
INSERT INTO `curriculum_data` VALUES (6269, 2, '🥇HTML5与移动应用开发', '🏢信息楼305', 1, 1, '冯天佑', '15573286607', '信息工程学院', '1', 2, 1, 4);
INSERT INTO `curriculum_data` VALUES (6270, 4, '🥉Java Web应用开发', '🏢信息楼309', 1, 1, '冯天佑', '15573286607', '信息工程学院', '1', 2, 2, 3);
INSERT INTO `curriculum_data` VALUES (6271, 4, '🥉Java Web应用开发', '🏢信息楼309', 1, 1, '冯天佑', '15573286607', '信息工程学院', '1', 2, 2, 4);
INSERT INTO `curriculum_data` VALUES (6272, 8, '💬创业基础', '🏗机电楼402-B', 0, 1, '冯天佑', '15573286607', '信息工程学院', '0', 2, 3, 2);
INSERT INTO `curriculum_data` VALUES (6273, 4, '🥉Java Web应用开发', '🏢信息楼309', 1, 1, '冯天佑', '15573286607', '信息工程学院', '1', 2, 3, 3);
INSERT INTO `curriculum_data` VALUES (6274, 4, '🥉Java Web应用开发', '🏢信息楼309', 1, 1, '冯天佑', '15573286607', '信息工程学院', '1', 2, 3, 4);
INSERT INTO `curriculum_data` VALUES (6275, 5, '💫习近平新时代中国特色社会主义思想概论', '🏗汽车楼203-B', 0, 1, '冯天佑', '15573286607', '信息工程学院', '0', 2, 4, 4);
INSERT INTO `curriculum_data` VALUES (6276, 2, '🥇HTML5与移动应用开发', '🏢信息楼305', 1, 1, '冯天佑', '15573286607', '信息工程学院', '1', 2, 5, 1);
INSERT INTO `curriculum_data` VALUES (6277, 2, '🥇HTML5与移动应用开发', '🏢信息楼305', 1, 1, '冯天佑', '15573286607', '信息工程学院', '1', 2, 5, 2);
INSERT INTO `curriculum_data` VALUES (6278, 6, '🤡选修课', '🌍全校范围', 0, 1, '冯天佑', '15573286607', '信息工程学院', '0', 2, 5, 3);
INSERT INTO `curriculum_data` VALUES (6279, 1, '⚽体育', '🏟田径场、篮球场', 0, 19, '田瑶', '123', '信息工程学院', '0', 3, 1, 2);
INSERT INTO `curriculum_data` VALUES (6280, 2, '🥇HTML5与移动应用开发', '🏢信息楼305', 1, 1, '冯天佑', '15573286607', '信息工程学院', '1', 3, 1, 3);
INSERT INTO `curriculum_data` VALUES (6281, 2, '🥇HTML5与移动应用开发', '🏢信息楼305', 1, 1, '冯天佑', '15573286607', '信息工程学院', '1', 3, 1, 4);
INSERT INTO `curriculum_data` VALUES (6282, 4, '🥉Java Web应用开发', '🏢信息楼309', 1, 1, '冯天佑', '15573286607', '信息工程学院', '1', 3, 2, 3);
INSERT INTO `curriculum_data` VALUES (6283, 4, '🥉Java Web应用开发', '🏢信息楼309', 1, 1, '冯天佑', '15573286607', '信息工程学院', '1', 3, 2, 4);
INSERT INTO `curriculum_data` VALUES (6284, 8, '💬创业基础', '🏗机电楼402-B', 0, 1, '冯天佑', '15573286607', '信息工程学院', '0', 3, 3, 2);
INSERT INTO `curriculum_data` VALUES (6285, 4, '🥉Java Web应用开发', '🏢信息楼309', 1, 1, '冯天佑', '15573286607', '信息工程学院', '1', 3, 3, 3);
INSERT INTO `curriculum_data` VALUES (6286, 4, '🥉Java Web应用开发', '🏢信息楼309', 1, 1, '冯天佑', '15573286607', '信息工程学院', '1', 3, 3, 4);
INSERT INTO `curriculum_data` VALUES (6287, 7, '💤形势与政策', '🏗汽车楼401', 0, 1, '冯天佑', '15573286607', '信息工程学院', '0', 3, 4, 3);
INSERT INTO `curriculum_data` VALUES (6288, 5, '💫习近平新时代中国特色社会主义思想概论', '🏗汽车楼203-B', 0, 1, '冯天佑', '15573286607', '信息工程学院', '0', 3, 4, 4);
INSERT INTO `curriculum_data` VALUES (6289, 2, '🥇HTML5与移动应用开发', '🏢信息楼305', 1, 1, '冯天佑', '15573286607', '信息工程学院', '1', 3, 5, 1);
INSERT INTO `curriculum_data` VALUES (6290, 2, '🥇HTML5与移动应用开发', '🏢信息楼305', 1, 1, '冯天佑', '15573286607', '信息工程学院', '1', 3, 5, 2);
INSERT INTO `curriculum_data` VALUES (6291, 6, '🤡选修课', '🌍全校范围', 0, 1, '冯天佑', '15573286607', '信息工程学院', '0', 3, 5, 3);
INSERT INTO `curriculum_data` VALUES (6292, 1, '⚽体育', '🏟田径场、篮球场', 0, 19, '田瑶', '123', '信息工程学院', '0', 4, 1, 2);
INSERT INTO `curriculum_data` VALUES (6293, 2, '🥇HTML5与移动应用开发', '🏢信息楼305', 1, 1, '冯天佑', '15573286607', '信息工程学院', '1', 4, 1, 3);
INSERT INTO `curriculum_data` VALUES (6294, 2, '🥇HTML5与移动应用开发', '🏢信息楼305', 1, 1, '冯天佑', '15573286607', '信息工程学院', '1', 4, 1, 4);
INSERT INTO `curriculum_data` VALUES (6295, 4, '🥉Java Web应用开发', '🏢信息楼309', 1, 1, '冯天佑', '15573286607', '信息工程学院', '1', 4, 2, 3);
INSERT INTO `curriculum_data` VALUES (6296, 4, '🥉Java Web应用开发', '🏢信息楼309', 1, 1, '冯天佑', '15573286607', '信息工程学院', '1', 4, 2, 4);
INSERT INTO `curriculum_data` VALUES (6297, 8, '💬创业基础', '🏗机电楼402-B', 0, 1, '冯天佑', '15573286607', '信息工程学院', '0', 4, 3, 2);
INSERT INTO `curriculum_data` VALUES (6298, 4, '🥉Java Web应用开发', '🏢信息楼309', 1, 1, '冯天佑', '15573286607', '信息工程学院', '1', 4, 3, 3);
INSERT INTO `curriculum_data` VALUES (6299, 4, '🥉Java Web应用开发', '🏢信息楼309', 1, 1, '冯天佑', '15573286607', '信息工程学院', '1', 4, 3, 4);
INSERT INTO `curriculum_data` VALUES (6300, 7, '💤形势与政策', '🏗汽车楼401', 0, 1, '冯天佑', '15573286607', '信息工程学院', '0', 4, 4, 3);
INSERT INTO `curriculum_data` VALUES (6301, 5, '💫习近平新时代中国特色社会主义思想概论', '🏗汽车楼203-B', 0, 1, '冯天佑', '15573286607', '信息工程学院', '0', 4, 4, 4);
INSERT INTO `curriculum_data` VALUES (6302, 2, '🥇HTML5与移动应用开发', '🏢信息楼305', 1, 1, '冯天佑', '15573286607', '信息工程学院', '1', 4, 5, 1);
INSERT INTO `curriculum_data` VALUES (6303, 2, '🥇HTML5与移动应用开发', '🏢信息楼305', 1, 1, '冯天佑', '15573286607', '信息工程学院', '1', 4, 5, 2);
INSERT INTO `curriculum_data` VALUES (6304, 6, '🤡选修课', '🌍全校范围', 0, 1, '冯天佑', '15573286607', '信息工程学院', '0', 4, 5, 3);
INSERT INTO `curriculum_data` VALUES (6305, 1, '⚽体育', '🏟田径场、篮球场', 0, 19, '田瑶', '123', '信息工程学院', '0', 5, 1, 2);
INSERT INTO `curriculum_data` VALUES (6306, 2, '🥇HTML5与移动应用开发', '🏢信息楼305', 1, 1, '冯天佑', '15573286607', '信息工程学院', '1', 5, 1, 3);
INSERT INTO `curriculum_data` VALUES (6307, 2, '🥇HTML5与移动应用开发', '🏢信息楼305', 1, 1, '冯天佑', '15573286607', '信息工程学院', '1', 5, 1, 4);
INSERT INTO `curriculum_data` VALUES (6308, 4, '🥉Java Web应用开发', '🏢信息楼309', 1, 1, '冯天佑', '15573286607', '信息工程学院', '1', 5, 2, 3);
INSERT INTO `curriculum_data` VALUES (6309, 4, '🥉Java Web应用开发', '🏢信息楼309', 1, 1, '冯天佑', '15573286607', '信息工程学院', '1', 5, 2, 4);
INSERT INTO `curriculum_data` VALUES (6310, 8, '💬创业基础', '🏗机电楼402-B', 0, 1, '冯天佑', '15573286607', '信息工程学院', '0', 5, 3, 2);
INSERT INTO `curriculum_data` VALUES (6311, 4, '🥉Java Web应用开发', '🏢信息楼309', 1, 1, '冯天佑', '15573286607', '信息工程学院', '1', 5, 3, 3);
INSERT INTO `curriculum_data` VALUES (6312, 4, '🥉Java Web应用开发', '🏢信息楼309', 1, 1, '冯天佑', '15573286607', '信息工程学院', '1', 5, 3, 4);
INSERT INTO `curriculum_data` VALUES (6313, 7, '💤形势与政策', '🏗汽车楼401', 0, 1, '冯天佑', '15573286607', '信息工程学院', '0', 5, 4, 3);
INSERT INTO `curriculum_data` VALUES (6314, 5, '💫习近平新时代中国特色社会主义思想概论', '🏗汽车楼203-B', 0, 1, '冯天佑', '15573286607', '信息工程学院', '0', 5, 4, 4);
INSERT INTO `curriculum_data` VALUES (6315, 2, '🥇HTML5与移动应用开发', '🏢信息楼305', 1, 1, '冯天佑', '15573286607', '信息工程学院', '1', 5, 5, 1);
INSERT INTO `curriculum_data` VALUES (6316, 2, '🥇HTML5与移动应用开发', '🏢信息楼305', 1, 1, '冯天佑', '15573286607', '信息工程学院', '1', 5, 5, 2);
INSERT INTO `curriculum_data` VALUES (6317, 6, '🤡选修课', '🌍全校范围', 0, 1, '冯天佑', '15573286607', '信息工程学院', '0', 5, 5, 3);
INSERT INTO `curriculum_data` VALUES (6318, 1, '⚽体育', '🏟田径场、篮球场', 0, 19, '田瑶', '123', '信息工程学院', '0', 6, 1, 2);
INSERT INTO `curriculum_data` VALUES (6319, 2, '🥇HTML5与移动应用开发', '🏢信息楼305', 1, 1, '冯天佑', '15573286607', '信息工程学院', '1', 6, 1, 3);
INSERT INTO `curriculum_data` VALUES (6320, 2, '🥇HTML5与移动应用开发', '🏢信息楼305', 1, 1, '冯天佑', '15573286607', '信息工程学院', '1', 6, 1, 4);
INSERT INTO `curriculum_data` VALUES (6321, 4, '🥉Java Web应用开发', '🏢信息楼309', 1, 1, '冯天佑', '15573286607', '信息工程学院', '1', 6, 2, 3);
INSERT INTO `curriculum_data` VALUES (6322, 4, '🥉Java Web应用开发', '🏢信息楼309', 1, 1, '冯天佑', '15573286607', '信息工程学院', '1', 6, 2, 4);
INSERT INTO `curriculum_data` VALUES (6323, 8, '💬创业基础', '🏗机电楼402-B', 0, 1, '冯天佑', '15573286607', '信息工程学院', '0', 6, 3, 2);
INSERT INTO `curriculum_data` VALUES (6324, 4, '🥉Java Web应用开发', '🏢信息楼309', 1, 1, '冯天佑', '15573286607', '信息工程学院', '1', 6, 3, 3);
INSERT INTO `curriculum_data` VALUES (6325, 4, '🥉Java Web应用开发', '🏢信息楼309', 1, 1, '冯天佑', '15573286607', '信息工程学院', '1', 6, 3, 4);
INSERT INTO `curriculum_data` VALUES (6326, 7, '💤形势与政策', '🏗汽车楼401', 0, 1, '冯天佑', '15573286607', '信息工程学院', '0', 6, 4, 3);
INSERT INTO `curriculum_data` VALUES (6327, 5, '💫习近平新时代中国特色社会主义思想概论', '🏗汽车楼203-B', 0, 1, '冯天佑', '15573286607', '信息工程学院', '0', 6, 4, 4);
INSERT INTO `curriculum_data` VALUES (6328, 2, '🥇HTML5与移动应用开发', '🏢信息楼305', 1, 1, '冯天佑', '15573286607', '信息工程学院', '1', 6, 5, 1);
INSERT INTO `curriculum_data` VALUES (6329, 2, '🥇HTML5与移动应用开发', '🏢信息楼305', 1, 1, '冯天佑', '15573286607', '信息工程学院', '1', 6, 5, 2);
INSERT INTO `curriculum_data` VALUES (6330, 6, '🤡选修课', '🌍全校范围', 0, 1, '冯天佑', '15573286607', '信息工程学院', '0', 6, 5, 3);
INSERT INTO `curriculum_data` VALUES (6331, 1, '⚽体育', '🏟田径场、篮球场', 0, 19, '田瑶', '123', '信息工程学院', '0', 7, 1, 2);
INSERT INTO `curriculum_data` VALUES (6332, 2, '🥇HTML5与移动应用开发', '🏢信息楼305', 1, 1, '冯天佑', '15573286607', '信息工程学院', '1', 7, 1, 3);
INSERT INTO `curriculum_data` VALUES (6333, 2, '🥇HTML5与移动应用开发', '🏢信息楼305', 1, 1, '冯天佑', '15573286607', '信息工程学院', '1', 7, 1, 4);
INSERT INTO `curriculum_data` VALUES (6334, 4, '🥉Java Web应用开发', '🏢信息楼309', 1, 1, '冯天佑', '15573286607', '信息工程学院', '1', 7, 2, 3);
INSERT INTO `curriculum_data` VALUES (6335, 4, '🥉Java Web应用开发', '🏢信息楼309', 1, 1, '冯天佑', '15573286607', '信息工程学院', '1', 7, 2, 4);
INSERT INTO `curriculum_data` VALUES (6336, 8, '💬创业基础', '🏗机电楼402-B', 0, 1, '冯天佑', '15573286607', '信息工程学院', '0', 7, 3, 2);
INSERT INTO `curriculum_data` VALUES (6337, 4, '🥉Java Web应用开发', '🏢信息楼309', 1, 1, '冯天佑', '15573286607', '信息工程学院', '1', 7, 3, 3);
INSERT INTO `curriculum_data` VALUES (6338, 4, '🥉Java Web应用开发', '🏢信息楼309', 1, 1, '冯天佑', '15573286607', '信息工程学院', '1', 7, 3, 4);
INSERT INTO `curriculum_data` VALUES (6339, 5, '💫习近平新时代中国特色社会主义思想概论', '🏗汽车楼203-B', 0, 1, '冯天佑', '15573286607', '信息工程学院', '0', 7, 4, 4);
INSERT INTO `curriculum_data` VALUES (6340, 2, '🥇HTML5与移动应用开发', '🏢信息楼305', 1, 1, '冯天佑', '15573286607', '信息工程学院', '1', 7, 5, 1);
INSERT INTO `curriculum_data` VALUES (6341, 2, '🥇HTML5与移动应用开发', '🏢信息楼305', 1, 1, '冯天佑', '15573286607', '信息工程学院', '1', 7, 5, 2);
INSERT INTO `curriculum_data` VALUES (6342, 6, '🤡选修课', '🌍全校范围', 0, 1, '冯天佑', '15573286607', '信息工程学院', '0', 7, 5, 3);
INSERT INTO `curriculum_data` VALUES (6343, 1, '⚽体育', '🏟田径场、篮球场', 0, 19, '田瑶', '123', '信息工程学院', '0', 8, 1, 2);
INSERT INTO `curriculum_data` VALUES (6344, 2, '🥇HTML5与移动应用开发', '🏢信息楼305', 1, 1, '冯天佑', '15573286607', '信息工程学院', '1', 8, 1, 3);
INSERT INTO `curriculum_data` VALUES (6345, 2, '🥇HTML5与移动应用开发', '🏢信息楼305', 1, 1, '冯天佑', '15573286607', '信息工程学院', '1', 8, 1, 4);
INSERT INTO `curriculum_data` VALUES (6346, 4, '🥉Java Web应用开发', '🏢信息楼309', 1, 1, '冯天佑', '15573286607', '信息工程学院', '1', 8, 2, 3);
INSERT INTO `curriculum_data` VALUES (6347, 4, '🥉Java Web应用开发', '🏢信息楼309', 1, 1, '冯天佑', '15573286607', '信息工程学院', '1', 8, 2, 4);
INSERT INTO `curriculum_data` VALUES (6348, 8, '💬创业基础', '🏗机电楼402-B', 0, 1, '冯天佑', '15573286607', '信息工程学院', '0', 8, 3, 2);
INSERT INTO `curriculum_data` VALUES (6349, 4, '🥉Java Web应用开发', '🏢信息楼309', 1, 1, '冯天佑', '15573286607', '信息工程学院', '1', 8, 3, 3);
INSERT INTO `curriculum_data` VALUES (6350, 4, '🥉Java Web应用开发', '🏢信息楼309', 1, 1, '冯天佑', '15573286607', '信息工程学院', '1', 8, 3, 4);
INSERT INTO `curriculum_data` VALUES (6351, 5, '💫习近平新时代中国特色社会主义思想概论', '🏗汽车楼203-B', 0, 1, '冯天佑', '15573286607', '信息工程学院', '0', 8, 4, 4);
INSERT INTO `curriculum_data` VALUES (6352, 2, '🥇HTML5与移动应用开发', '🏢信息楼305', 1, 1, '冯天佑', '15573286607', '信息工程学院', '1', 8, 5, 1);
INSERT INTO `curriculum_data` VALUES (6353, 2, '🥇HTML5与移动应用开发', '🏢信息楼305', 1, 1, '冯天佑', '15573286607', '信息工程学院', '1', 8, 5, 2);
INSERT INTO `curriculum_data` VALUES (6354, 6, '🤡选修课', '🌍全校范围', 0, 1, '冯天佑', '15573286607', '信息工程学院', '0', 8, 5, 3);
INSERT INTO `curriculum_data` VALUES (6355, 1, '⚽体育', '🏟田径场、篮球场', 0, 19, '田瑶', '123', '信息工程学院', '0', 9, 1, 2);
INSERT INTO `curriculum_data` VALUES (6356, 2, '🥇HTML5与移动应用开发', '🏢信息楼305', 1, 1, '冯天佑', '15573286607', '信息工程学院', '1', 9, 1, 3);
INSERT INTO `curriculum_data` VALUES (6357, 2, '🥇HTML5与移动应用开发', '🏢信息楼305', 1, 1, '冯天佑', '15573286607', '信息工程学院', '1', 9, 1, 4);
INSERT INTO `curriculum_data` VALUES (6358, 3, '🥈企业级项目实战', '🏢信息楼302', 1, 1, '冯天佑', '15573286607', '信息工程学院', '1', 9, 2, 1);
INSERT INTO `curriculum_data` VALUES (6359, 3, '🥈企业级项目实战', '🏢信息楼302', 1, 1, '冯天佑', '15573286607', '信息工程学院', '1', 9, 2, 2);
INSERT INTO `curriculum_data` VALUES (6360, 4, '🥉Java Web应用开发', '🏢信息楼309', 1, 1, '冯天佑', '15573286607', '信息工程学院', '1', 9, 2, 3);
INSERT INTO `curriculum_data` VALUES (6361, 4, '🥉Java Web应用开发', '🏢信息楼309', 1, 1, '冯天佑', '15573286607', '信息工程学院', '1', 9, 2, 4);
INSERT INTO `curriculum_data` VALUES (6362, 8, '💬创业基础', '🏗机电楼402-B', 0, 1, '冯天佑', '15573286607', '信息工程学院', '0', 9, 3, 2);
INSERT INTO `curriculum_data` VALUES (6363, 4, '🥉Java Web应用开发', '🏢信息楼309', 1, 1, '冯天佑', '15573286607', '信息工程学院', '1', 9, 3, 3);
INSERT INTO `curriculum_data` VALUES (6364, 4, '🥉Java Web应用开发', '🏢信息楼309', 1, 1, '冯天佑', '15573286607', '信息工程学院', '1', 9, 3, 4);
INSERT INTO `curriculum_data` VALUES (6365, 3, '🥈企业级项目实战', '🏢信息楼302', 1, 1, '冯天佑', '15573286607', '信息工程学院', '1', 9, 4, 1);
INSERT INTO `curriculum_data` VALUES (6366, 3, '🥈企业级项目实战', '🏢信息楼302', 1, 1, '冯天佑', '15573286607', '信息工程学院', '1', 9, 4, 2);
INSERT INTO `curriculum_data` VALUES (6367, 5, '💫习近平新时代中国特色社会主义思想概论', '🏗汽车楼203-B', 0, 1, '冯天佑', '15573286607', '信息工程学院', '0', 9, 4, 4);
INSERT INTO `curriculum_data` VALUES (6368, 2, '🥇HTML5与移动应用开发', '🏢信息楼305', 1, 1, '冯天佑', '15573286607', '信息工程学院', '1', 9, 5, 1);
INSERT INTO `curriculum_data` VALUES (6369, 2, '🥇HTML5与移动应用开发', '🏢信息楼305', 1, 1, '冯天佑', '15573286607', '信息工程学院', '1', 9, 5, 2);
INSERT INTO `curriculum_data` VALUES (6370, 6, '🤡选修课', '🌍全校范围', 0, 1, '冯天佑', '15573286607', '信息工程学院', '0', 9, 5, 3);
INSERT INTO `curriculum_data` VALUES (6371, 1, '⚽体育', '🏟田径场、篮球场', 0, 19, '田瑶', '123', '信息工程学院', '0', 10, 1, 2);
INSERT INTO `curriculum_data` VALUES (6372, 2, '🥇HTML5与移动应用开发', '🏢信息楼305', 1, 1, '冯天佑', '15573286607', '信息工程学院', '1', 10, 1, 3);
INSERT INTO `curriculum_data` VALUES (6373, 2, '🥇HTML5与移动应用开发', '🏢信息楼305', 1, 1, '冯天佑', '15573286607', '信息工程学院', '1', 10, 1, 4);
INSERT INTO `curriculum_data` VALUES (6374, 3, '🥈企业级项目实战', '🏢信息楼302', 1, 1, '冯天佑', '15573286607', '信息工程学院', '1', 10, 2, 1);
INSERT INTO `curriculum_data` VALUES (6375, 3, '🥈企业级项目实战', '🏢信息楼302', 1, 1, '冯天佑', '15573286607', '信息工程学院', '1', 10, 2, 2);
INSERT INTO `curriculum_data` VALUES (6376, 4, '🥉Java Web应用开发', '🏢信息楼309', 1, 1, '冯天佑', '15573286607', '信息工程学院', '1', 10, 2, 3);
INSERT INTO `curriculum_data` VALUES (6377, 4, '🥉Java Web应用开发', '🏢信息楼309', 1, 1, '冯天佑', '15573286607', '信息工程学院', '1', 10, 2, 4);
INSERT INTO `curriculum_data` VALUES (6378, 8, '💬创业基础', '🏗机电楼402-B', 0, 1, '冯天佑', '15573286607', '信息工程学院', '0', 10, 3, 2);
INSERT INTO `curriculum_data` VALUES (6379, 4, '🥉Java Web应用开发', '🏢信息楼309', 1, 1, '冯天佑', '15573286607', '信息工程学院', '1', 10, 3, 3);
INSERT INTO `curriculum_data` VALUES (6380, 4, '🥉Java Web应用开发', '🏢信息楼309', 1, 1, '冯天佑', '15573286607', '信息工程学院', '1', 10, 3, 4);
INSERT INTO `curriculum_data` VALUES (6381, 3, '🥈企业级项目实战', '🏢信息楼302', 1, 1, '冯天佑', '15573286607', '信息工程学院', '1', 10, 4, 1);
INSERT INTO `curriculum_data` VALUES (6382, 3, '🥈企业级项目实战', '🏢信息楼302', 1, 1, '冯天佑', '15573286607', '信息工程学院', '1', 10, 4, 2);
INSERT INTO `curriculum_data` VALUES (6383, 5, '💫习近平新时代中国特色社会主义思想概论', '🏗汽车楼203-B', 0, 1, '冯天佑', '15573286607', '信息工程学院', '0', 10, 4, 4);
INSERT INTO `curriculum_data` VALUES (6384, 2, '🥇HTML5与移动应用开发', '🏢信息楼305', 1, 1, '冯天佑', '15573286607', '信息工程学院', '1', 10, 5, 1);
INSERT INTO `curriculum_data` VALUES (6385, 2, '🥇HTML5与移动应用开发', '🏢信息楼305', 1, 1, '冯天佑', '15573286607', '信息工程学院', '1', 10, 5, 2);
INSERT INTO `curriculum_data` VALUES (6386, 6, '🤡选修课', '🌍全校范围', 0, 1, '冯天佑', '15573286607', '信息工程学院', '0', 10, 5, 3);
INSERT INTO `curriculum_data` VALUES (6387, 1, '⚽体育', '🏟田径场、篮球场', 0, 19, '田瑶', '123', '信息工程学院', '0', 11, 1, 2);
INSERT INTO `curriculum_data` VALUES (6388, 2, '🥇HTML5与移动应用开发', '🏢信息楼305', 1, 1, '冯天佑', '15573286607', '信息工程学院', '1', 11, 1, 3);
INSERT INTO `curriculum_data` VALUES (6389, 2, '🥇HTML5与移动应用开发', '🏢信息楼305', 1, 1, '冯天佑', '15573286607', '信息工程学院', '1', 11, 1, 4);
INSERT INTO `curriculum_data` VALUES (6390, 3, '🥈企业级项目实战', '🏢信息楼302', 1, 1, '冯天佑', '15573286607', '信息工程学院', '1', 11, 2, 1);
INSERT INTO `curriculum_data` VALUES (6391, 3, '🥈企业级项目实战', '🏢信息楼302', 1, 1, '冯天佑', '15573286607', '信息工程学院', '1', 11, 2, 2);
INSERT INTO `curriculum_data` VALUES (6392, 4, '🥉Java Web应用开发', '🏢信息楼309', 1, 1, '冯天佑', '15573286607', '信息工程学院', '1', 11, 2, 3);
INSERT INTO `curriculum_data` VALUES (6393, 4, '🥉Java Web应用开发', '🏢信息楼309', 1, 1, '冯天佑', '15573286607', '信息工程学院', '1', 11, 2, 4);
INSERT INTO `curriculum_data` VALUES (6394, 8, '💬创业基础', '🏗机电楼402-B', 0, 1, '冯天佑', '15573286607', '信息工程学院', '0', 11, 3, 2);
INSERT INTO `curriculum_data` VALUES (6395, 4, '🥉Java Web应用开发', '🏢信息楼309', 1, 1, '冯天佑', '15573286607', '信息工程学院', '1', 11, 3, 3);
INSERT INTO `curriculum_data` VALUES (6396, 4, '🥉Java Web应用开发', '🏢信息楼309', 1, 1, '冯天佑', '15573286607', '信息工程学院', '1', 11, 3, 4);
INSERT INTO `curriculum_data` VALUES (6397, 3, '🥈企业级项目实战', '🏢信息楼302', 1, 1, '冯天佑', '15573286607', '信息工程学院', '1', 11, 4, 1);
INSERT INTO `curriculum_data` VALUES (6398, 3, '🥈企业级项目实战', '🏢信息楼302', 1, 1, '冯天佑', '15573286607', '信息工程学院', '1', 11, 4, 2);
INSERT INTO `curriculum_data` VALUES (6399, 5, '💫习近平新时代中国特色社会主义思想概论', '🏗汽车楼203-B', 0, 1, '冯天佑', '15573286607', '信息工程学院', '0', 11, 4, 4);
INSERT INTO `curriculum_data` VALUES (6400, 2, '🥇HTML5与移动应用开发', '🏢信息楼305', 1, 1, '冯天佑', '15573286607', '信息工程学院', '1', 11, 5, 1);
INSERT INTO `curriculum_data` VALUES (6401, 2, '🥇HTML5与移动应用开发', '🏢信息楼305', 1, 1, '冯天佑', '15573286607', '信息工程学院', '1', 11, 5, 2);
INSERT INTO `curriculum_data` VALUES (6402, 6, '🤡选修课', '🌍全校范围', 0, 1, '冯天佑', '15573286607', '信息工程学院', '0', 11, 5, 3);
INSERT INTO `curriculum_data` VALUES (6403, 1, '⚽体育', '🏟田径场、篮球场', 0, 19, '田瑶', '123', '信息工程学院', '0', 12, 1, 2);
INSERT INTO `curriculum_data` VALUES (6404, 2, '🥇HTML5与移动应用开发', '🏢信息楼305', 1, 1, '冯天佑', '15573286607', '信息工程学院', '1', 12, 1, 3);
INSERT INTO `curriculum_data` VALUES (6405, 2, '🥇HTML5与移动应用开发', '🏢信息楼305', 1, 1, '冯天佑', '15573286607', '信息工程学院', '1', 12, 1, 4);
INSERT INTO `curriculum_data` VALUES (6406, 3, '🥈企业级项目实战', '🏢信息楼302', 1, 1, '冯天佑', '15573286607', '信息工程学院', '1', 12, 2, 1);
INSERT INTO `curriculum_data` VALUES (6407, 3, '🥈企业级项目实战', '🏢信息楼302', 1, 1, '冯天佑', '15573286607', '信息工程学院', '1', 12, 2, 2);
INSERT INTO `curriculum_data` VALUES (6408, 4, '🥉Java Web应用开发', '🏢信息楼309', 1, 1, '冯天佑', '15573286607', '信息工程学院', '1', 12, 2, 3);
INSERT INTO `curriculum_data` VALUES (6409, 4, '🥉Java Web应用开发', '🏢信息楼309', 1, 1, '冯天佑', '15573286607', '信息工程学院', '1', 12, 2, 4);
INSERT INTO `curriculum_data` VALUES (6410, 8, '💬创业基础', '🏗机电楼402-B', 0, 1, '冯天佑', '15573286607', '信息工程学院', '0', 12, 3, 2);
INSERT INTO `curriculum_data` VALUES (6411, 4, '🥉Java Web应用开发', '🏢信息楼309', 1, 1, '冯天佑', '15573286607', '信息工程学院', '1', 12, 3, 3);
INSERT INTO `curriculum_data` VALUES (6412, 4, '🥉Java Web应用开发', '🏢信息楼309', 1, 1, '冯天佑', '15573286607', '信息工程学院', '1', 12, 3, 4);
INSERT INTO `curriculum_data` VALUES (6413, 3, '🥈企业级项目实战', '🏢信息楼302', 1, 1, '冯天佑', '15573286607', '信息工程学院', '1', 12, 4, 1);
INSERT INTO `curriculum_data` VALUES (6414, 3, '🥈企业级项目实战', '🏢信息楼302', 1, 1, '冯天佑', '15573286607', '信息工程学院', '1', 12, 4, 2);
INSERT INTO `curriculum_data` VALUES (6415, 5, '💫习近平新时代中国特色社会主义思想概论', '🏗汽车楼203-B', 0, 1, '冯天佑', '15573286607', '信息工程学院', '0', 12, 4, 4);
INSERT INTO `curriculum_data` VALUES (6416, 2, '🥇HTML5与移动应用开发', '🏢信息楼305', 1, 1, '冯天佑', '15573286607', '信息工程学院', '1', 12, 5, 1);
INSERT INTO `curriculum_data` VALUES (6417, 2, '🥇HTML5与移动应用开发', '🏢信息楼305', 1, 1, '冯天佑', '15573286607', '信息工程学院', '1', 12, 5, 2);
INSERT INTO `curriculum_data` VALUES (6418, 6, '🤡选修课', '🌍全校范围', 0, 1, '冯天佑', '15573286607', '信息工程学院', '0', 12, 5, 3);
INSERT INTO `curriculum_data` VALUES (6419, 1, '⚽体育', '🏟田径场、篮球场', 0, 19, '田瑶', '123', '信息工程学院', '0', 13, 1, 2);
INSERT INTO `curriculum_data` VALUES (6420, 2, '🥇HTML5与移动应用开发', '🏢信息楼305', 1, 1, '冯天佑', '15573286607', '信息工程学院', '1', 13, 1, 3);
INSERT INTO `curriculum_data` VALUES (6421, 2, '🥇HTML5与移动应用开发', '🏢信息楼305', 1, 1, '冯天佑', '15573286607', '信息工程学院', '1', 13, 1, 4);
INSERT INTO `curriculum_data` VALUES (6422, 3, '🥈企业级项目实战', '🏢信息楼302', 1, 1, '冯天佑', '15573286607', '信息工程学院', '1', 13, 2, 1);
INSERT INTO `curriculum_data` VALUES (6423, 3, '🥈企业级项目实战', '🏢信息楼302', 1, 1, '冯天佑', '15573286607', '信息工程学院', '1', 13, 2, 2);
INSERT INTO `curriculum_data` VALUES (6424, 4, '🥉Java Web应用开发', '🏢信息楼309', 1, 1, '冯天佑', '15573286607', '信息工程学院', '1', 13, 2, 3);
INSERT INTO `curriculum_data` VALUES (6425, 4, '🥉Java Web应用开发', '🏢信息楼309', 1, 1, '冯天佑', '15573286607', '信息工程学院', '1', 13, 2, 4);
INSERT INTO `curriculum_data` VALUES (6426, 8, '💬创业基础', '🏗机电楼402-B', 0, 1, '冯天佑', '15573286607', '信息工程学院', '0', 13, 3, 2);
INSERT INTO `curriculum_data` VALUES (6427, 4, '🥉Java Web应用开发', '🏢信息楼309', 1, 1, '冯天佑', '15573286607', '信息工程学院', '1', 13, 3, 3);
INSERT INTO `curriculum_data` VALUES (6428, 4, '🥉Java Web应用开发', '🏢信息楼309', 1, 1, '冯天佑', '15573286607', '信息工程学院', '1', 13, 3, 4);
INSERT INTO `curriculum_data` VALUES (6429, 3, '🥈企业级项目实战', '🏢信息楼302', 1, 1, '冯天佑', '15573286607', '信息工程学院', '1', 13, 4, 1);
INSERT INTO `curriculum_data` VALUES (6430, 3, '🥈企业级项目实战', '🏢信息楼302', 1, 1, '冯天佑', '15573286607', '信息工程学院', '1', 13, 4, 2);
INSERT INTO `curriculum_data` VALUES (6431, 5, '💫习近平新时代中国特色社会主义思想概论', '🏗汽车楼203-B', 0, 1, '冯天佑', '15573286607', '信息工程学院', '0', 13, 4, 4);
INSERT INTO `curriculum_data` VALUES (6432, 2, '🥇HTML5与移动应用开发', '🏢信息楼305', 1, 1, '冯天佑', '15573286607', '信息工程学院', '1', 13, 5, 1);
INSERT INTO `curriculum_data` VALUES (6433, 2, '🥇HTML5与移动应用开发', '🏢信息楼305', 1, 1, '冯天佑', '15573286607', '信息工程学院', '1', 13, 5, 2);
INSERT INTO `curriculum_data` VALUES (6434, 6, '🤡选修课', '🌍全校范围', 0, 1, '冯天佑', '15573286607', '信息工程学院', '0', 13, 5, 3);
INSERT INTO `curriculum_data` VALUES (6435, 1, '⚽体育', '🏟田径场、篮球场', 0, 19, '田瑶', '123', '信息工程学院', '0', 14, 1, 2);
INSERT INTO `curriculum_data` VALUES (6436, 2, '🥇HTML5与移动应用开发', '🏢信息楼305', 1, 1, '冯天佑', '15573286607', '信息工程学院', '1', 14, 1, 3);
INSERT INTO `curriculum_data` VALUES (6437, 2, '🥇HTML5与移动应用开发', '🏢信息楼305', 1, 1, '冯天佑', '15573286607', '信息工程学院', '1', 14, 1, 4);
INSERT INTO `curriculum_data` VALUES (6438, 3, '🥈企业级项目实战', '🏢信息楼302', 1, 1, '冯天佑', '15573286607', '信息工程学院', '1', 14, 2, 1);
INSERT INTO `curriculum_data` VALUES (6439, 3, '🥈企业级项目实战', '🏢信息楼302', 1, 1, '冯天佑', '15573286607', '信息工程学院', '1', 14, 2, 2);
INSERT INTO `curriculum_data` VALUES (6440, 4, '🥉Java Web应用开发', '🏢信息楼309', 1, 1, '冯天佑', '15573286607', '信息工程学院', '1', 14, 2, 3);
INSERT INTO `curriculum_data` VALUES (6441, 4, '🥉Java Web应用开发', '🏢信息楼309', 1, 1, '冯天佑', '15573286607', '信息工程学院', '1', 14, 2, 4);
INSERT INTO `curriculum_data` VALUES (6442, 8, '💬创业基础', '🏗机电楼402-B', 0, 1, '冯天佑', '15573286607', '信息工程学院', '0', 14, 3, 2);
INSERT INTO `curriculum_data` VALUES (6443, 4, '🥉Java Web应用开发', '🏢信息楼309', 1, 1, '冯天佑', '15573286607', '信息工程学院', '1', 14, 3, 3);
INSERT INTO `curriculum_data` VALUES (6444, 4, '🥉Java Web应用开发', '🏢信息楼309', 1, 1, '冯天佑', '15573286607', '信息工程学院', '1', 14, 3, 4);
INSERT INTO `curriculum_data` VALUES (6445, 3, '🥈企业级项目实战', '🏢信息楼302', 1, 1, '冯天佑', '15573286607', '信息工程学院', '1', 14, 4, 1);
INSERT INTO `curriculum_data` VALUES (6446, 3, '🥈企业级项目实战', '🏢信息楼302', 1, 1, '冯天佑', '15573286607', '信息工程学院', '1', 14, 4, 2);
INSERT INTO `curriculum_data` VALUES (6447, 2, '🥇HTML5与移动应用开发', '🏢信息楼305', 1, 1, '冯天佑', '15573286607', '信息工程学院', '1', 14, 5, 1);
INSERT INTO `curriculum_data` VALUES (6448, 2, '🥇HTML5与移动应用开发', '🏢信息楼305', 1, 1, '冯天佑', '15573286607', '信息工程学院', '1', 14, 5, 2);
INSERT INTO `curriculum_data` VALUES (6449, 6, '🤡选修课', '🌍全校范围', 0, 1, '冯天佑', '15573286607', '信息工程学院', '0', 14, 5, 3);
INSERT INTO `curriculum_data` VALUES (6450, 1, '⚽体育', '🏟田径场、篮球场', 0, 19, '田瑶', '123', '信息工程学院', '0', 15, 1, 2);
INSERT INTO `curriculum_data` VALUES (6451, 2, '🥇HTML5与移动应用开发', '🏢信息楼305', 1, 1, '冯天佑', '15573286607', '信息工程学院', '1', 15, 1, 3);
INSERT INTO `curriculum_data` VALUES (6452, 2, '🥇HTML5与移动应用开发', '🏢信息楼305', 1, 1, '冯天佑', '15573286607', '信息工程学院', '1', 15, 1, 4);
INSERT INTO `curriculum_data` VALUES (6453, 3, '🥈企业级项目实战', '🏢信息楼302', 1, 1, '冯天佑', '15573286607', '信息工程学院', '1', 15, 2, 1);
INSERT INTO `curriculum_data` VALUES (6454, 3, '🥈企业级项目实战', '🏢信息楼302', 1, 1, '冯天佑', '15573286607', '信息工程学院', '1', 15, 2, 2);
INSERT INTO `curriculum_data` VALUES (6455, 4, '🥉Java Web应用开发', '🏢信息楼309', 1, 1, '冯天佑', '15573286607', '信息工程学院', '1', 15, 2, 3);
INSERT INTO `curriculum_data` VALUES (6456, 4, '🥉Java Web应用开发', '🏢信息楼309', 1, 1, '冯天佑', '15573286607', '信息工程学院', '1', 15, 2, 4);
INSERT INTO `curriculum_data` VALUES (6457, 8, '💬创业基础', '🏗机电楼402-B', 0, 1, '冯天佑', '15573286607', '信息工程学院', '0', 15, 3, 2);
INSERT INTO `curriculum_data` VALUES (6458, 4, '🥉Java Web应用开发', '🏢信息楼309', 1, 1, '冯天佑', '15573286607', '信息工程学院', '1', 15, 3, 3);
INSERT INTO `curriculum_data` VALUES (6459, 4, '🥉Java Web应用开发', '🏢信息楼309', 1, 1, '冯天佑', '15573286607', '信息工程学院', '1', 15, 3, 4);
INSERT INTO `curriculum_data` VALUES (6460, 3, '🥈企业级项目实战', '🏢信息楼302', 1, 1, '冯天佑', '15573286607', '信息工程学院', '1', 15, 4, 1);
INSERT INTO `curriculum_data` VALUES (6461, 3, '🥈企业级项目实战', '🏢信息楼302', 1, 1, '冯天佑', '15573286607', '信息工程学院', '1', 15, 4, 2);
INSERT INTO `curriculum_data` VALUES (6462, 2, '🥇HTML5与移动应用开发', '🏢信息楼305', 1, 1, '冯天佑', '15573286607', '信息工程学院', '1', 15, 5, 1);
INSERT INTO `curriculum_data` VALUES (6463, 2, '🥇HTML5与移动应用开发', '🏢信息楼305', 1, 1, '冯天佑', '15573286607', '信息工程学院', '1', 15, 5, 2);
INSERT INTO `curriculum_data` VALUES (6464, 6, '🤡选修课', '🌍全校范围', 0, 1, '冯天佑', '15573286607', '信息工程学院', '0', 15, 5, 3);
INSERT INTO `curriculum_data` VALUES (6465, 1, '⚽体育', '🏟田径场、篮球场', 0, 19, '田瑶', '123', '信息工程学院', '0', 16, 1, 2);
INSERT INTO `curriculum_data` VALUES (6466, 2, '🥇HTML5与移动应用开发', '🏢信息楼305', 1, 1, '冯天佑', '15573286607', '信息工程学院', '1', 16, 1, 3);
INSERT INTO `curriculum_data` VALUES (6467, 2, '🥇HTML5与移动应用开发', '🏢信息楼305', 1, 1, '冯天佑', '15573286607', '信息工程学院', '1', 16, 1, 4);
INSERT INTO `curriculum_data` VALUES (6468, 3, '🥈企业级项目实战', '🏢信息楼302', 1, 1, '冯天佑', '15573286607', '信息工程学院', '1', 16, 2, 1);
INSERT INTO `curriculum_data` VALUES (6469, 3, '🥈企业级项目实战', '🏢信息楼302', 1, 1, '冯天佑', '15573286607', '信息工程学院', '1', 16, 2, 2);
INSERT INTO `curriculum_data` VALUES (6470, 4, '🥉Java Web应用开发', '🏢信息楼309', 1, 1, '冯天佑', '15573286607', '信息工程学院', '1', 16, 2, 3);
INSERT INTO `curriculum_data` VALUES (6471, 4, '🥉Java Web应用开发', '🏢信息楼309', 1, 1, '冯天佑', '15573286607', '信息工程学院', '1', 16, 2, 4);
INSERT INTO `curriculum_data` VALUES (6472, 8, '💬创业基础', '🏗机电楼402-B', 0, 1, '冯天佑', '15573286607', '信息工程学院', '0', 16, 3, 2);
INSERT INTO `curriculum_data` VALUES (6473, 4, '🥉Java Web应用开发', '🏢信息楼309', 1, 1, '冯天佑', '15573286607', '信息工程学院', '1', 16, 3, 3);
INSERT INTO `curriculum_data` VALUES (6474, 4, '🥉Java Web应用开发', '🏢信息楼309', 1, 1, '冯天佑', '15573286607', '信息工程学院', '1', 16, 3, 4);
INSERT INTO `curriculum_data` VALUES (6475, 3, '🥈企业级项目实战', '🏢信息楼302', 1, 1, '冯天佑', '15573286607', '信息工程学院', '1', 16, 4, 1);
INSERT INTO `curriculum_data` VALUES (6476, 3, '🥈企业级项目实战', '🏢信息楼302', 1, 1, '冯天佑', '15573286607', '信息工程学院', '1', 16, 4, 2);
INSERT INTO `curriculum_data` VALUES (6477, 2, '🥇HTML5与移动应用开发', '🏢信息楼305', 1, 1, '冯天佑', '15573286607', '信息工程学院', '1', 16, 5, 1);
INSERT INTO `curriculum_data` VALUES (6478, 2, '🥇HTML5与移动应用开发', '🏢信息楼305', 1, 1, '冯天佑', '15573286607', '信息工程学院', '1', 16, 5, 2);
INSERT INTO `curriculum_data` VALUES (6479, 6, '🤡选修课', '🌍全校范围', 0, 1, '冯天佑', '15573286607', '信息工程学院', '0', 16, 5, 3);
INSERT INTO `curriculum_data` VALUES (6480, 1, '⚽体育', '🏟田径场、篮球场', 0, 19, '田瑶', '123', '信息工程学院', '0', 17, 1, 2);
INSERT INTO `curriculum_data` VALUES (6481, 2, '🥇HTML5与移动应用开发', '🏢信息楼305', 1, 1, '冯天佑', '15573286607', '信息工程学院', '1', 17, 1, 3);
INSERT INTO `curriculum_data` VALUES (6482, 2, '🥇HTML5与移动应用开发', '🏢信息楼305', 1, 1, '冯天佑', '15573286607', '信息工程学院', '1', 17, 1, 4);
INSERT INTO `curriculum_data` VALUES (6483, 3, '🥈企业级项目实战', '🏢信息楼302', 1, 1, '冯天佑', '15573286607', '信息工程学院', '1', 17, 2, 1);
INSERT INTO `curriculum_data` VALUES (6484, 3, '🥈企业级项目实战', '🏢信息楼302', 1, 1, '冯天佑', '15573286607', '信息工程学院', '1', 17, 2, 2);
INSERT INTO `curriculum_data` VALUES (6485, 4, '🥉Java Web应用开发', '🏢信息楼309', 1, 1, '冯天佑', '15573286607', '信息工程学院', '1', 17, 2, 3);
INSERT INTO `curriculum_data` VALUES (6486, 4, '🥉Java Web应用开发', '🏢信息楼309', 1, 1, '冯天佑', '15573286607', '信息工程学院', '1', 17, 2, 4);
INSERT INTO `curriculum_data` VALUES (6487, 8, '💬创业基础', '🏗机电楼402-B', 0, 1, '冯天佑', '15573286607', '信息工程学院', '0', 17, 3, 2);
INSERT INTO `curriculum_data` VALUES (6488, 4, '🥉Java Web应用开发', '🏢信息楼309', 1, 1, '冯天佑', '15573286607', '信息工程学院', '1', 17, 3, 3);
INSERT INTO `curriculum_data` VALUES (6489, 4, '🥉Java Web应用开发', '🏢信息楼309', 1, 1, '冯天佑', '15573286607', '信息工程学院', '1', 17, 3, 4);
INSERT INTO `curriculum_data` VALUES (6490, 3, '🥈企业级项目实战', '🏢信息楼302', 1, 1, '冯天佑', '15573286607', '信息工程学院', '1', 17, 4, 1);
INSERT INTO `curriculum_data` VALUES (6491, 3, '🥈企业级项目实战', '🏢信息楼302', 1, 1, '冯天佑', '15573286607', '信息工程学院', '1', 17, 4, 2);
INSERT INTO `curriculum_data` VALUES (6492, 2, '🥇HTML5与移动应用开发', '🏢信息楼305', 1, 1, '冯天佑', '15573286607', '信息工程学院', '1', 17, 5, 1);
INSERT INTO `curriculum_data` VALUES (6493, 2, '🥇HTML5与移动应用开发', '🏢信息楼305', 1, 1, '冯天佑', '15573286607', '信息工程学院', '1', 17, 5, 2);
INSERT INTO `curriculum_data` VALUES (6494, 6, '🤡选修课', '🌍全校范围', 0, 1, '冯天佑', '15573286607', '信息工程学院', '0', 17, 5, 3);
INSERT INTO `curriculum_data` VALUES (6495, 1, '⚽体育', '🏟田径场、篮球场', 0, 19, '田瑶', '123', '信息工程学院', '0', 18, 1, 2);
INSERT INTO `curriculum_data` VALUES (6496, 2, '🥇HTML5与移动应用开发', '🏢信息楼305', 1, 1, '冯天佑', '15573286607', '信息工程学院', '1', 18, 1, 3);
INSERT INTO `curriculum_data` VALUES (6497, 2, '🥇HTML5与移动应用开发', '🏢信息楼305', 1, 1, '冯天佑', '15573286607', '信息工程学院', '1', 18, 1, 4);
INSERT INTO `curriculum_data` VALUES (6498, 3, '🥈企业级项目实战', '🏢信息楼302', 1, 1, '冯天佑', '15573286607', '信息工程学院', '1', 18, 2, 1);
INSERT INTO `curriculum_data` VALUES (6499, 3, '🥈企业级项目实战', '🏢信息楼302', 1, 1, '冯天佑', '15573286607', '信息工程学院', '1', 18, 2, 2);
INSERT INTO `curriculum_data` VALUES (6500, 4, '🥉Java Web应用开发', '🏢信息楼309', 1, 1, '冯天佑', '15573286607', '信息工程学院', '1', 18, 2, 3);
INSERT INTO `curriculum_data` VALUES (6501, 4, '🥉Java Web应用开发', '🏢信息楼309', 1, 1, '冯天佑', '15573286607', '信息工程学院', '1', 18, 2, 4);
INSERT INTO `curriculum_data` VALUES (6502, 8, '💬创业基础', '🏗机电楼402-B', 0, 1, '冯天佑', '15573286607', '信息工程学院', '0', 18, 3, 2);
INSERT INTO `curriculum_data` VALUES (6503, 4, '🥉Java Web应用开发', '🏢信息楼309', 1, 1, '冯天佑', '15573286607', '信息工程学院', '1', 18, 3, 3);
INSERT INTO `curriculum_data` VALUES (6504, 4, '🥉Java Web应用开发', '🏢信息楼309', 1, 1, '冯天佑', '15573286607', '信息工程学院', '1', 18, 3, 4);
INSERT INTO `curriculum_data` VALUES (6505, 3, '🥈企业级项目实战', '🏢信息楼302', 1, 1, '冯天佑', '15573286607', '信息工程学院', '1', 18, 4, 1);
INSERT INTO `curriculum_data` VALUES (6506, 3, '🥈企业级项目实战', '🏢信息楼302', 1, 1, '冯天佑', '15573286607', '信息工程学院', '1', 18, 4, 2);
INSERT INTO `curriculum_data` VALUES (6507, 2, '🥇HTML5与移动应用开发', '🏢信息楼305', 1, 1, '冯天佑', '15573286607', '信息工程学院', '1', 18, 5, 1);
INSERT INTO `curriculum_data` VALUES (6508, 2, '🥇HTML5与移动应用开发', '🏢信息楼305', 1, 1, '冯天佑', '15573286607', '信息工程学院', '1', 18, 5, 2);

-- ----------------------------
-- Table structure for enterprise_data
-- ----------------------------
DROP TABLE IF EXISTS `enterprise_data`;
CREATE TABLE `enterprise_data`  (
  `data_name` varchar(255) CHARACTER SET utf8mb4 COLLATE utf8mb4_0900_ai_ci NOT NULL COMMENT '企业微信配置项名称',
  `data_value` varchar(255) CHARACTER SET utf8mb4 COLLATE utf8mb4_0900_ai_ci NULL DEFAULT NULL COMMENT '配置项数据',
  `data_annotation` varchar(255) CHARACTER SET utf8mb4 COLLATE utf8mb4_0900_ai_ci NULL DEFAULT NULL,
  PRIMARY KEY (`data_name`) USING BTREE
) ENGINE = InnoDB CHARACTER SET = utf8mb4 COLLATE = utf8mb4_0900_ai_ci ROW_FORMAT = DYNAMIC;

-- ----------------------------
-- Records of enterprise_data
-- ----------------------------
INSERT INTO `enterprise_data` VALUES ('agentId', '', '自建应用id(此参数为身份唯一标识，请保密)');
INSERT INTO `enterprise_data` VALUES ('amapKey', '', '高德地图天气api');
INSERT INTO `enterprise_data` VALUES ('apiKey', '', '天行数据api密钥(此参数为密钥，请保密)');
INSERT INTO `enterprise_data` VALUES ('corpId', '', '企业id(此参数为身份唯一标识，请保密)');
INSERT INTO `enterprise_data` VALUES ('dateEnding', '2023-07-31', '放假日期');
INSERT INTO `enterprise_data` VALUES ('dateStarting', '2023-02-20', '开学日期');
INSERT INTO `enterprise_data` VALUES ('debugPeriod', '', '调试周期(如不启用调试，请置空)');
INSERT INTO `enterprise_data` VALUES ('debugPushMode', '2', '调试模式下的部门推送ID，使用此推送部门ID时，不会将课程计入次数');
INSERT INTO `enterprise_data` VALUES ('debugWeek', '', '调试星期(如不启用调试，请置空)');
INSERT INTO `enterprise_data` VALUES ('departmentId', '1', '推送部门ID(此参数用于控制被推送的部门成员)');
INSERT INTO `enterprise_data` VALUES ('imgUrl', '', '图文消息的图片url');
INSERT INTO `enterprise_data` VALUES ('morningClassDays', '24', '上过的早课天数(此项不可为空)');
INSERT INTO `enterprise_data` VALUES ('nightClassDays', '0', '上过的晚课天数(此项不可为空)');
INSERT INTO `enterprise_data` VALUES ('pushTime', '1', '推送时间(为 0 则每日早晨推送当日课程与天气，为 1 则每日夜间推送明日课程与天气)');
INSERT INTO `enterprise_data` VALUES ('secret', '', '自建应用secret(此参数为密钥，请保密)');
INSERT INTO `enterprise_data` VALUES ('totalClassTimes', '332', '累计上过的课程次数(此项不可为空)');
INSERT INTO `enterprise_data` VALUES ('totalSpecializedClassTimes', '230', '累计上过的专业课程次数(此项不可为空)');
INSERT INTO `enterprise_data` VALUES ('url', '', '卡片消息的跳转url');
INSERT INTO `enterprise_data` VALUES ('weatherValue', '430202', '天气推送位置(详见天行数据天气预报api文档)');

-- ----------------------------
-- Table structure for permission_data
-- ----------------------------
DROP TABLE IF EXISTS `permission_data`;
CREATE TABLE `permission_data`  (
  `permission_id` int NOT NULL AUTO_INCREMENT,
  `user_id` int NOT NULL,
  `permission_account` varchar(255) CHARACTER SET utf8mb4 COLLATE utf8mb4_0900_ai_ci NULL DEFAULT NULL,
  `permission_password` varchar(255) CHARACTER SET utf8mb4 COLLATE utf8mb4_0900_ai_ci NULL DEFAULT NULL,
  PRIMARY KEY (`permission_id`) USING BTREE
) ENGINE = InnoDB AUTO_INCREMENT = 1 CHARACTER SET = utf8mb4 COLLATE = utf8mb4_0900_ai_ci ROW_FORMAT = DYNAMIC;

-- ----------------------------
-- Records of permission_data
-- ----------------------------

-- ----------------------------
-- Table structure for schedule_data
-- ----------------------------
DROP TABLE IF EXISTS `schedule_data`;
CREATE TABLE `schedule_data`  (
  `schedule_id` int NOT NULL AUTO_INCREMENT,
  `course_id` int NOT NULL,
  `teacher_id` int NOT NULL,
  `schedule_period` varchar(255) CHARACTER SET utf8mb4 COLLATE utf8mb4_0900_ai_ci NULL DEFAULT NULL,
  `schedule_week` varchar(255) CHARACTER SET utf8mb4 COLLATE utf8mb4_0900_ai_ci NULL DEFAULT NULL,
  `schedule_section` varchar(255) CHARACTER SET utf8mb4 COLLATE utf8mb4_0900_ai_ci NULL DEFAULT NULL,
  PRIMARY KEY (`schedule_id`) USING BTREE,
  INDEX `course_id`(`course_id` ASC) USING BTREE,
  INDEX `teacher_id`(`teacher_id` ASC) USING BTREE,
  CONSTRAINT `course_id` FOREIGN KEY (`course_id`) REFERENCES `course_data` (`course_id`) ON DELETE RESTRICT ON UPDATE RESTRICT,
  CONSTRAINT `teacher_id` FOREIGN KEY (`teacher_id`) REFERENCES `teacher_data` (`teacher_id`) ON DELETE RESTRICT ON UPDATE RESTRICT
) ENGINE = InnoDB AUTO_INCREMENT = 13 CHARACTER SET = utf8mb4 COLLATE = utf8mb4_0900_ai_ci ROW_FORMAT = DYNAMIC;

-- ----------------------------
-- Records of schedule_data
-- ----------------------------
INSERT INTO `schedule_data` VALUES (1, 1, 19, '1-18', '1', '2');
INSERT INTO `schedule_data` VALUES (2, 2, 1, '1-18', '1', '3-4');
INSERT INTO `schedule_data` VALUES (3, 3, 1, '9-18', '2', '1-2');
INSERT INTO `schedule_data` VALUES (4, 4, 1, '1-18', '2', '3-4');
INSERT INTO `schedule_data` VALUES (5, 5, 1, '2-13', '4', '4');
INSERT INTO `schedule_data` VALUES (6, 3, 1, '9-18', '4', '1-2');
INSERT INTO `schedule_data` VALUES (7, 7, 1, '3-6', '4', '3');
INSERT INTO `schedule_data` VALUES (8, 8, 1, '1-18', '3', '2');
INSERT INTO `schedule_data` VALUES (9, 2, 1, '1-18', '5', '1-2');
INSERT INTO `schedule_data` VALUES (10, 4, 1, '1-18', '3', '3-4');
INSERT INTO `schedule_data` VALUES (11, 6, 19, '1-17', '5', '3');

-- ----------------------------
-- Table structure for teacher_data
-- ----------------------------
DROP TABLE IF EXISTS `teacher_data`;
CREATE TABLE `teacher_data`  (
  `teacher_id` int NOT NULL AUTO_INCREMENT,
  `teacher_name` varchar(255) CHARACTER SET utf8mb4 COLLATE utf8mb4_0900_ai_ci NULL DEFAULT NULL,
  `teacher_phone` varchar(255) CHARACTER SET utf8mb4 COLLATE utf8mb4_0900_ai_ci NULL DEFAULT NULL,
  `teacher_institute` varchar(255) CHARACTER SET utf8mb4 COLLATE utf8mb4_0900_ai_ci NULL DEFAULT NULL,
  `teacher_specialized` varchar(255) CHARACTER SET utf8mb4 COLLATE utf8mb4_0900_ai_ci NULL DEFAULT NULL,
  PRIMARY KEY (`teacher_id`) USING BTREE
) ENGINE = InnoDB AUTO_INCREMENT = 20 CHARACTER SET = utf8mb4 COLLATE = utf8mb4_0900_ai_ci ROW_FORMAT = DYNAMIC;

-- ----------------------------
-- Records of teacher_data
-- ----------------------------
INSERT INTO `teacher_data` VALUES (1, '321', '', '信息工程学院', '1');
INSERT INTO `teacher_data` VALUES (9, '213', '123123', '123123', '0');
INSERT INTO `teacher_data` VALUES (18, '123', '123123', '123', '1');
INSERT INTO `teacher_data` VALUES (19, '田瑶', '123', '信息工程学院', '0');

-- ----------------------------
-- Table structure for user_data
-- ----------------------------
DROP TABLE IF EXISTS `user_data`;
CREATE TABLE `user_data`  (
  `user_id` int NOT NULL AUTO_INCREMENT,
  `user_name` varchar(255) CHARACTER SET utf8mb4 COLLATE utf8mb4_0900_ai_ci NULL DEFAULT NULL,
  `user_email` varchar(255) CHARACTER SET utf8mb4 COLLATE utf8mb4_0900_ai_ci NULL DEFAULT NULL,
  `user_avatar` mediumblob NULL,
  PRIMARY KEY (`user_id`) USING BTREE
) ENGINE = InnoDB AUTO_INCREMENT = 2 CHARACTER SET = utf8mb4 COLLATE = utf8mb4_0900_ai_ci ROW_FORMAT = DYNAMIC;

-- ----------------------------
-- Records of user_data
-- ----------------------------
INSERT INTO `user_data` VALUES (1, 'PrefersMin', '2991004793@qq.com', 0xFFD8FFE000104A46494600010100000100010000FFDB0043000A07070807060A0808080B0A0A0B0E18100E0D0D0E1D15161118231F2524221F2221262B372F26293429212230413134393B3E3E3E252E4449433C48373D3E3BFFDB0043010A0B0B0E0D0E1C10101C3B2822283B3B3B3B3B3B3B3B3B3B3B3B3B3B3B3B3B3B3B3B3B3B3B3B3B3B3B3B3B3B3B3B3B3B3B3B3B3B3B3B3B3B3B3B3B3B3B3B3B3BFFC00011080438043803012200021101031101FFC4001F0000010501010101010100000000000000000102030405060708090A0BFFC400B5100002010303020403050504040000017D01020300041105122131410613516107227114328191A1082342B1C11552D1F02433627282090A161718191A25262728292A3435363738393A434445464748494A535455565758595A636465666768696A737475767778797A838485868788898A92939495969798999AA2A3A4A5A6A7A8A9AAB2B3B4B5B6B7B8B9BAC2C3C4C5C6C7C8C9CAD2D3D4D5D6D7D8D9DAE1E2E3E4E5E6E7E8E9EAF1F2F3F4F5F6F7F8F9FAFFC4001F0100030101010101010101010000000000000102030405060708090A0BFFC400B51100020102040403040705040400010277000102031104052131061241510761711322328108144291A1B1C109233352F0156272D10A162434E125F11718191A262728292A35363738393A434445464748494A535455565758595A636465666768696A737475767778797A82838485868788898A92939495969798999AA2A3A4A5A6A7A8A9AAB2B3B4B5B6B7B8B9BAC2C3C4C5C6C7C8C9CAD2D3D4D5D6D7D8D9DAE2E3E4E5E6E7E8E9EAF2F3F4F5F6F7F8F9FAFFDA000C03010002110311003F00EF68A5A41C55249249162D28A4A5140082969052D08028A28AB00A28A2800A28A2800A43F74D2D21FBA6802ADE7FA9359761FF001F07EB5A979FEA4D65D87FC7C1FAD006EAFDDA51D2917EED28E940076A5A4ED4B40051451400514514005145140051451400514514005145140051451400514514005145140051451400DC9CE3B53B680323AD191820F534CE54927A500381C9C1E2A2966DA0AA72691D8C8309D6AED96984E1E41C1E695C572BD9D8BDCBEE6040ADB820FB3A6D1F4A9111225C281F95381DC0935048514514000A28145201D4514500145145001451450014514500145145001451450014514500145145001451450014514500371EF4B8A39F5A39F5A5663B8514628C50212819ED451C8E94C0519EE28033DA932DED473ED40EEC38E98A0007B1A4C9079229439F6A02EC00146734A39F4A36F14993B89B6819E9481B14BB863DE80B0A28A414B42180EF41EF40EF41EF4210B498EF4B484F18A63006908C9A720E0D433CEB1A31079028012E2E56042B9E7A5508206BA937B0C0EB491C525DC9E61CE339AD348D5136A0E45003906C5D83A0A751FC201EB45001DAA368D5C104F35276A600339CF342D84635DE8DBDCB2E7F3AA8CB2DA8DA0715D28E7350CD0248082073ED4C68E4351995D0F5CD43A53B093A715B3A9685B9498C13DFAD65DB5BC967261970291699A8C17767BE297AD350A49839E69D8F4A630CE290127AD2E7D6978ED4D0828A28AB00A28A2A0028A28A0051D693B528EB49DA8402D1451560145145002763429E4D03A5340C13490206EF587AB1EBF5ADC6EFF4AC0D59B2C47BD31A3301EB45203D6973523425253A9B4804A28A2800A51494A2800A28A2AC6145145001451450076D452D1504094A281450003AD140EB4508028A28AB00A28A2800A28A2800A43F74D2D21E940156F3FD49ACAB0FF8F8FC6B56EFFD4B56558FFC7C7E3401BCBF769474A44FBB4EA004ED4B4514005145140051451400514514005145140051451400514514005145140051451400500668A6B671C75A00370CE3BD2E685DA179EB4A00C16268010818CFA544A5A66DAA2932D349B54640E0D6BD8D8003711CD4364B636CB4F2A3738AD05C81B40000E94EC0036D20E0525A922629DDA8C518A004A297346680B883A53A8A290C28A28A0028A28A0028A28A0028A28A0028A28A0028A28A0028A28A0028A28A0028A2933400B499FAD19A3140080D2F5A5DAA39269A497E9D29090B8C520A8DA58E204BB74ACEBCD6E0894ED604D05A8B66A121464D549F53B68172ED5CCDD788E4932A845644B773CA4966273EF4CD234EEF53AD9BC456EA0ED6E6B3A4F1239276115CF6E66EB49922835F668DEFF848EE00C714ABE249C1F9B1581BA972680F668E9A3F1430FBD8AD1B6D7ADE520799C9AE2684774E549CFD6992E9D8F4A8A68E55CAB034EEF5E7D69AC5CC0F824E3EB5D369FAFC5280923004D2B19F258DC1C52E09A8A19A394650E6A4C9CE28B19D85E9D6969B8C77CD28E94083348781CD147B9E86801B248238CB1E062B314B5D4D84E573CFD29F7B70D2C8224E46706AE5A5B08A30475239A009A28D625DA838A51C126968F5A004E09CF7A5A68E94EA0029B8CF34EA2801BC814293DC52F5A295C10DC762323DEABDC58C3329F9403EC2AD5145C2E73D71A74D065D0702AB24DB4ED7C835D43286186E9542EF4C5705A31CD0994999EBB5D7229323350BA4B6EE430E053E39D1D4E7834D318F14A280769C81914A70E303835498094500638A2800A3345140003CD2D3475A7508028A28AB00A28A28013B51DF340E947F0D240863FDD63DB15CE6A87F786BA373843F4AE67513994D31A2983D68A077A5A91A1B4514520128CD2D250019A01A281D680168A28AB185145140051451401DC628C5251504051451400514514005145156014514500145145001487A52D21FBA6802ADDFFA96ACAB1FF8F8FC6B56F3FD49ACAB0E6E3F1A00DE4FBB4EA6A7DDA750014514500145145001451450014514500145140A0028A28A0028A31462800A28A2800A28A43D78E680168A31C71C9A4C85059B8C5002600E49A8C1795F6A0C8A4F9A66C2F4F6AD8B0B25440C464FBD4B61712C6C4226E71C9E79ABC0EC040A31F8014BDBA54916622939E69D49C52D25A13A89452F14714EE30A28A2810B4514522828A28A0028A28A0028A28A0028A28A0028A28A0028A28A0028A28A004E68E6969B9FAD210EA68E2819A507AFAD0084029734992325860567DEEAB1DBA9DAC09F434EC869365D91D101673815917DAFC56E0AA3026B06FF005D9E76651F28F63592CCEC492C4FD68B1BAA4CD0BAD5E7BA2DB58807D0D5066979DEC4FD4D34B71C520623AF3458D631B0071CF14A1B1D6933CF414D278A123549016F4A4EB467FCE2933EF541A8B8A052038EF467DE80D476EA40594E7149D7BD1B89EB405BB922C8AC3A0A72330394620FB544A71DA9C0FE14886AE6B69FAE4B6D2057391EE6BAAB1D5A1B98C7CC335C0678E9CFAD4D6D7325BBEE463F4CD231706CF48539E739069C3915CE68DAE197F773E179C035D0472A483E46C83418CA2D31F55AE6E4246E80FCC462A79A4589739E6B26347BABB25B2141E31DE824B1A6DB12CF24A3AF2335A0B90EC0F4ED48ABE5A850300538F207B50018A4C75A5DD46690AE34669DCD14B400514514C61451450014DA751400D03270682DB7E5C669D48081C119A408867B58E7439033F4AC8BAD21D0974CE056E67F0A382369EF4D6C1739849DA26D8E0715370E3286B46F34E4704A8E7D85643A496EC700E3DE9A61727008183D68A6C722B8E4E0FA53B907A714CB0A28EBD39A3140052D252E6800A28A2AC028A414B40083A51DA81D293A0A4810C94E236FA572F7E7F7E4574D31C467E95CBDE9FDF9A634403BD2D357BD3AA4686D145148028C51450018A31451400514515630A29297140051451401DBD145141014514500145145001451450014514500145145001487EE9A5A43F74D0055BCFF00526B2EC3FE3E0FD6B52F3FD49ACBB0FF008F83F5A00DD4FBB4EA6A7DDA7500145145001451450014514500276A3B51DA8ED4009452F6A4A0029452502801D45368A0075148296800A4438041A5A6E32322801776CC93D2A239B86D89DFD290BF98DB075AD5B1B011FEF1854360161621065C73EF5A2308302914607CB483AF34881D9CD1471DA8A4580A0502814103A8A28A0028A28A0028A28A0028A28A0028A28A0028A28A0028A28A0028A28A0028A28A0028A28A004E9499E7A51DCD20EB9A4095C776A89E74854976031505EDEADBC64923815C9EA7AD3DC36D898E075C1A65C61734753F1105CC7191E9C1AE767B8967258B1C1F7A85DF7B166393EF4D24EDC0A68E984032739268CD3467F1A4CD3364AC3B34949CD1CD20B0B4869693D68042D145140C28A28A0043D2929450280B5C51DE8CD1DA938A02C1D69C0D3714E5A09687C72346772B118ADDD235DD8FB656E01EE6B00633CD211D7CB383ED48CA51B9DBCDA925E7CB19073C715A5690F970AB11C91CD705A45E1B5B8066248CFF0015779677897118652304718A939E50B16B39148A690B007028E94CCC7628C519A3340AC2D14514C620E94503A5148485A28A298C28A28A0028A28A002936F19EF4B49839E3A5000AC3A11504F669303802AC6063DE9A091D28039FBBB092125941C0A8E198636BF07A5746CA8E0AB01CD635EE9CC8C644CE3AF14D0D32BF4381DE9477A8124C36D3D7A54F9AA45262D1451540251451400A2969052D001EB4DF6A77AD37BD00882E8E2335CBDD9CCC4D74B7C7119AE6273990D03432814502931A128A28A630A28A2800A28A2800A28A2800A51D2929474A004A28A2803B4DEBEB46F5F5AC2FB4DC7A1FCE8FB4DC7A1FCE820DD1228CE48A3CC5FEF0AC2F3EE1BB1FCE93CDB8F7A00DDF317D452798BEB587E6DC7BD01AE0FAD006E798BEB4798BEB5899B8F53499B8F53401BBE727F7851E727F785617FA4FA9A3FD27D4D006EF9C9FDE1479C9FDE1585FE93EA68FF49F53401BBE727F785279D1F761587FE93EA686171838268034EF678CC270C2B26CA54171F7875AAF74973E51C9359B68971E7704F5A00EDD2E23C7DF14BF698BFBC2B9F486E48FBCD4F16F724756A0B373ED517F7851F6A8BFBE2B085ADC9EED4A2D2E3FBC68036FED50FF007C51F6A8BFBE2B105ADC7F78D2FD92E3FBC6826C6DFDAA2FEF8A3ED517F7C5627D8AE3FBC68FB15C7F78D051B3F6C887F18A4FB645FDE158E2CE7C72C697EC73FF0078D04D8D6FB5C5FDFA70BC8BFBC2B1C58CFF00DE34A2C67FEF1A00D6FB5C3FDE147DAE1FEF0AC9FB0CFF00DE340D3E73FC46811ADF6B8BFBE28FB5C5FDF1593FD9D3FF007CD1FD9D3FF7CD006AFDB21E9BC53BED7081F7C5648D36503258E69174C9C9CEF6C51603596EE2072581148D78AE76C7DFD2B2DED254C28639ADBD1F4A6043CB93F5A9605DD36C33FBC75F7E6B54103E50381480055DA831F4A72A80307AD4DC42F4A314B45040514514005369D4DA007514514861451450014514500145145001451450014514500145145001451450014514500217083919A31B86E0714280D9CF6A45049201E28000DC11FAD67DFEA51DAC641619A6EA5A8A5AC2C148DD8E2B8CBEBD96E5896638A46B08DC9750D425B973B643B7D3359E0E338EA7AD397014E7AD4473934D6C74C623F8EF4DCE338A4CD19E29A355A0679A3340EF4B4C04CD19A38A38A9013345145301D451450003BD18A077A2800029B4A29281A171498E2978A5ED405C406941A4A29085DC3BD39587E3510E69E0E2815AE07939EF572C3549ACE4CB4876E7819AA9BBD690A2CA08CE48A444A373BCD2F5A82ED40C8CD6A820AE41C8AF2B8E79ACA5063638CF6AEB746F11070A931E4F1C9A4734A163A85F9867A52E40E3AD32395251943C7B5382E3DE832B011DE97B1A0D1D8D324074A281D2928043A8A28A630A28A2800A28A2800A28A2800A4C52D1400CC75A3687054F2294114608E453119779A70219A35C1F5159624681F63F27A735D47507238AC9D474EDE0C8BDB9E28452654C6E5DC0F1429CE47A55786564251BB7156401C91DEA914251451540145145003852719A3D69680451D40FEECD73537321AE87516C21AE764397340D0DA414B482931A0A28A298C28A28A0028A28A0028A28A00292968C5002514B8A2803AFFB345FDD147D9A2FEE8AB1450415C5B463A28A51027F7454F450042208FF00BA297C88FF00BA2A5A28022FB3A7A0A3C84F4152D140117929FDD147929FDD152D140117929FDD147929FDD152D140117909FDD148625E81462A6CD14025628DEC68213F28ACAB28D4CFF7475AD8BD3FB96ACBB1FF005FF8D03B1B0912E3EE8A788D47614A9F769C3A5050DD8A7B0A3C95F6A70E94B41371A234F4146C5F414EA2815C66C5F7A362FB53E8A02E33CB1E94041E94FA280B8D0ABE946D1E94EA4A02E376AFA50028A5A319A0036D0066A192E52224122A21A8C5D88A00B0C302A16BB89015DE377A557BAD490444823278EB55B4DB596FAE3710719A9B81B16166D74FB9860673935D0222C6815460014CB4B510420719C54F4AF725B00028C8E4D20E4EE3C1F4A5C9A326A6E4DC4CD19A75145C06E68CD3A8A2E02514514C42D145148A0A28A2800A28A2800A28A2800A28A2800A28A2800A28A2800A41DE968E8A48EB400DE475A01CF4A446E0EEFD68C7A52B896A2B702B3750D523B489B6B82D8E94BAA6A71DAC470C0B63B1AE2EEEF5AEA463CE3341B421716F2FA4BA909662066AA123B521E01A67B535A9D108288EC7BD2669690D3344C4ED498E29D494C76B80A5A4A054DCA42E28C5276A4A2E03B14629B451701D4514531083BD2E68A28012928A70E94C029B91EB4A7A1A899C28273402571F9149B80EA6AB3DC000E2AABDC9278CD03E52FB4AABFC42956753FC42B27CC673DE9CAEC3B9A121A8D8D7560C3839A72FCA49079AA76F2B60F356D7919CD2B0AC3F01CF2288D4C6C195B041CF140EF4A0E3A5163271B9BBA76B8F0305918FA726BABB3BE8EEA3DCAC326BCE9006193D6AED86A72DB49B79C51639F90F41CF503A51D4565E9FAB4570B87601BDCD692FCC372371458CA51B0E14B48BE86823922833414514522828A28A007514514005145140051451400D618E4528271D2968A00683904118A080C0A91C74A2824E2988C6D42C7613246B9EFC553864CE54F51D45746D1EF8C8F6AC1BEB46B7937283C9E714229313346699036E183D69C460E2AAE171460D18A36F39078A5FC6A87713D694118A4CD228E0D03466EA47835CFB7DE35B9A99E0F35847EF1A0AB09494B4940C5A28A2800A28A2800A28A074A0028A751400D1D29D45140051451401DAD145141014514500145145001451450014514500145145001EB451EB476CD008A97BFEA9AB2EC7FD7FE35AB79CC4D59561CDC63DE8291B89F769C3A5353A5380E28180E94A2929450485145140828A28A0028A28A0028A28A0069E94873834E229390334044CEBBB46932738ACE3665491BAB53509DA388B03D2B988F579A7BB312824E7AD05A45F5B1965B90832578AEDF48B04B4B71C006B3F45D3DBCA59A5EBE86B7C63180381504311496639E94FA41C0C0E0D28E8691018A314668CD48AC2D14514C61451450020E94503A5148485A28A298C28A28A0028A28A0028A28A0028A28A0028A28A0028A293BE28001DE9070DED4A7814806783F9D2106371E38159FA96A51D9C670412054B7F7C96B031C82715C3DF5EC97731CB1DB9EF458D231B8DBCBC92EE46258E09AAC0AAA91DE81F2E475A6639CD163AA0AC283904D252F6E2929A349082969052D304328A28A0A0A28A290C5ED494518A0051DE92940A4A1087514514C028A2933ED400526E03AD008C72715527B8001039A63489259940383546498924034DDCF213806810313D282AC464B1A45527A8AB296ADDCD4C96BEF4015029EC0D48B0B1EC6AE476A075C54CB1003A53B81561848AB69C0C1A02FA53852B9370F5A4CD2FAD26282472B1ED4F0EB8E9CD44A053828FC691162786E2585F723102BA2D2B5E3C248DEDC9AE5C93D3B52A92BF329C1A0CE50B9E9B14F1CE81958127D29E011D6B87D2B5A9607DAEC580AEBACEFA3B9883E4027B527B1CF28345BC0A3028ED90C293AF419A44051499C1C52F006722980EA2901C8A5A0028A28A0028A28A0028A28A00294018C5252739A00338E9514D009D0E46481C54BF5A5FC71401CCCF1341337040CD394865CE79AD6BDB417084AFCA45604AED66E43E48F5A6811649DABD6981C7A8AA8D7EB22FC845509EEE68C9C2922A932D236CBA01CB0A165420E1857237BAC4D6E32558D4765AE4B31DA14D51491B3AA367386AC61BB24D4975732B1C10454484E393482C2D252E68A630A28A2800A28A2800A074A28A007514DCFD68CFD6801D45373F5A33F5A007514DCFD68A00EDE8A28A080A28A2800A28A2800A28A2800A28A2800A28A2800F5A0FDDA3D683F7680455BBFF0054D59561FF001F27EB5AB77FEA9AB2AC3FE3E4FD68291BABD29C3A5357A53874A062528A4A51412145145020A28A2800A28A2800A28A2800EC6933C1A5A000734027632B521BA023B9ACFF000EE8264BD32B2F19F4AD6B884CD308D7A645745A75A25A5B818009A9B8F9AC4F144B120551800548050063AD2E38A921B168A4A5A0419A334515202D14514C028A28A0041D28A074A29090B45145318514514005145140051451400514514005145140098E28C60668E71C52127A5002027F0AAF797696D1924806A4B8996084B3718AE3F58D51AE64288491D2845C15D95F52D4E4B990A8248CE2A876CD24636B12DDE9C5181CD33AA30B0CA6D3BB1A677A0BD85ED4DA760629A280BDC05140A51D281A13146296938F7A0A100A5C5029714084C518A5C518A815C4C7348453B14845521A1314629D8A314C637049E28C85073434813AD459329C0A008A594F3B6A05B767393DEAE7D9881922A4DA1450869D8823B6551C815284503814E504D18C5306C688D476A5DA052E2938A09B80A70A418ED4EA96C2E27AD252FAD2508614514550851DE941EB483BD267EB484876EEB48B9CD2679A71E071486D5C7A82A720D5DB4D5A7B66DB96DA2B3D0B0E94E12023045366528DCEDF4CD6629D4091C03EE6B615C11942083E95E651B344FBA36C7D2BA2D335F68942CC491D2A0C1C2C7580863CD1B320E0D57B7BB8E65CA10722AC2123AD08C5E80A405C77A5A0019CD14C485A28A298C28A28A0028A28A0028A28A0029A41278A752671400C7FEEF6ACAD634D13DB9283E6C1AD8C03C9EB4D23B1E9421A3CCC25C5ADD189F3C1F4ABEF326DCB0E6B6B5AD397CF69C2F04D61CA911520914CD62626AD342E840033516891827279A3548A2009046451A1BE179F4AA45A45DBC2A1F18A8C0E334B76CAD29C534647D2A84D0EA05140A4880A28A298C28A28A0028A28A0028A28A0028A28A0028A28A00EDE8A28A080A28A2800A28A2800A28A2800A28A2800A28A2800F5A3DA8F5A05008AB7DC42D8AC9B0FF8F83F5AD5BEFF0052D59761FEBCFD68291BABD29DDA9ABD29DDA81883BD28A68EF4E1412140A28A042E28C5267EB467EB5001451450003A526707DA968C6450027247151CAFB13AF278A76F08A6A38636B9B8DA0700834016F4AB4DCFE6CA327B56D15DDC1E83A536189638C281CD3D8E06334AE40B45145048B4DA75148A0A28A2800A28A2800A28A2800A28A2800A28A2800A28A2800A28A2800A28A2800A28A280194E1D292807EB4310EE82A36608A598F14EE083589AD6A621468D0F6A48B8AB94B5BD58B168D1B8F4AE78019247DE2739A18B4D217639E69F1C45CE47415563AA1148747086E64E699330C6D5E95348C15368EB5536E58934ECCD6C328C53B8A0628B30B0CC646051B481CD3C0F41498278C52D4923C8CD281C549E41C6EA6ED24E076A006807D68C1A76C2053475A07A8A303AD2673D28EA71522C4719A0060071CD143641C518A0A03D0D20C77A5238A40290908073D78A1DD1471D68690052075A8634695B1DA828458DE66CF6AB915BC70AE48E6A5862485304734C95F7640A008E470DC0A8FAD2AA953CD00639A64B622E40A33934B8CF4A0260134C62629368A75271405841C74A2978A38A91894628A2980514514C05E693EB4BC51C5480628CD2D14C037718ED4DED4BC5148055257A52EE39CE69A0E2945321A34F4FD56681B1BF815D4D86B31CC30ED93F5AE100A9A09E485F7063C5061285CF49460DF329045397906B91D3BC44D1B8590922BA4B4BD8EE5370619F4CD27B184A0D32D8228A40C73B474A5DBB69226D60A28CD19A10F9920A28A291370E68E6968A60145145318DC66972718A077A2A50915EEADD678595864638AE2752D3DEDEE1C1E13B0AEF30491ED58BE21B432C0CE839009AA4691679B6AB101291918EC2AF68B62AD0EE38E86B2AEBCE96F9A139E08ED5B964AD6B6DC91D2A8DA241776EA931DB480FCB83D6A16BA324C727352E7268421DDA81476A05522028A28A630A28A2800A28A2800A28A2800A28A2800A28A2803B7A28A282028A28A0028A28A0028A28A0028A28A0028A28A003D68147AD20EB4022ADF7FA96ACBD3FFD79FAD6ADFF00FA96ACAD37FE3E0FD68291BABD297200E4814D538E6A95D5CE1C2E681979483D29C2A0B73BD037B54E2824290F7A5A43DE8105145150028A2928A005ED48879228A47608849EA68022B83970073CF6AD7D32CC449E691C918ACFD3A033CDE611C56F2F1951D0526400E99A7001864D03BD2D4DC42039A5A41DE9698C28A28A0028A28A0028A28A0028A28A0028A28A0028A28A0028A28A0028A28A0029334B498E73400B452038A5EB400D1499A19828C1A865B848A32C48FCE9D86A3723BDBB5B6819CB007EB5C4DE5DB5CDC1C9ABBABEA26E18C618E2B25532D4E28E9842C4801C8551D6AFC76DB531C73CD476D0F722AE28E2B548DF64507B5666F6A5FECF2578C5680514A00AAE526E668B0FA538587D2AF600349C51CA1729FD80019E28FB1AA8DC715741E0D54BA9B68201A8680AB210BF28A48202E49C5471832499F7AD5B68B621E3B52B014DED4EDE0556FB3367EE9FCAB63BE314600EA051603252D0E492314E940418C8AB7733A8054638ACB73B98F35161A19BC1279A5E29768A4C5200A4EC6940A5542E7029A4040B1177C60E2AF476EB12678CD58B7B4F9734E7B524629D82E5095CBB71D2A2C639AB86C58640E9482C9E8B05CA9C9A4C9271569AD1C76A747698E4D26AC1723862057269B26012A2A491F66541AAE793BA90D0DA2969B8CD03128A318A2818EA28A2800A28A2800A28A2800A28A2801B451450003A528EF467DA8E681584C926A446C0E699CD1CD02B21FC76EB572CB519ED5F21B8154477A55A4F625C133B6D375E8E6508E70DEA6B663915C643039F435E6492323E4122B5F4FD79EDD8296245239E503B9ED40E959D67AB4170800233EE6AF8CB2E41183E941CCE2C775A4A32B8E0F342827E9409458514EC014503B0514514CA1A3A53A93B52D0030E47E351CF10923743CE462A4EF411CD0B61C59E71AF69A2CEF4CA14FCC40E05635F5FB80579C57A1788ECFCD84BE338E6BCDAFC7CE411DEA8DE0EE85B205CEE35A181552C170B5748E684020E940EF4A3BD03BD344B128A28AA00A28A2800A28A2800A28A2800A28A2800A28A2803B7A28A282028A28A0028A28A0028A28A0028A28A0028A28A003D69075A5F5A4A0115AFFF00D4B56569BFF1F07EB5AB7E330B62B2B4DFF8F83F5A0A46DAF20D64DF8C4A315ADD8564DF1FDE8A0668589FDD63DAAD0AA7640ECCF6C55B068245A0F4A283D2A5886F147149452B80EA28E9F8D04ED193400670326A09374CE1179E69F2C80467D48E2A6D1E02EFBDC714893574EB6105BF239AB206466827B0E94679C0E94843A8A29B400A3BD140EF452402D14514C028A28A0028A28A0028A28A0028A28A0028A28A0028A41CD18A005A280339A6E706801734DCF38A51CD23BAA0C934807646326A169D541E7A55796F1790A4D527959B3CF14EC86A2CB32DE6E5273583A8DFB60A86AB73CCB1424935CE4B319E5623A552D4E98C6C33259893562088B7351C69BDB68EB5A56F105073D6AE28D5683E25DAB520A4DB8A55231C56AB442B8B499FAD2D262818A40C5201C526682D85340114B28453CD66C84CA6A5B894962BEB4B042CDC9E950D812DADB60648AB60E06051180131428C139A56602A80324D41733845383524AE154F35937336E246695EC032590BB139EB518E28406978CE2A06264D0B4B8C0A61708707AD003E31938ABF6B6DCE48AAD690348723A56B2A6D5C77A682E2C6BB46314E2A280063DE907079E955626E20C63914800CF4A5279E3A5281C1A06185C720551B9995720549713F97919ACB790B31CF426A5821ACC5D8934D270314BF4A6371C9A918B9A33487819ED518901381414484E68148BDE945218B45145300A28A2800A28A2800A28A2800A28A4C719A003D681DE8EB4C322A75A403C5148AEA452839A64BB82F5A50714DCF38EF4E0415C1EB49821548614D2CA0F342E00A8E54C8241E29136B9720BB68483131C8F7ADDD3FC49220DB29E3E95CAC0E10E39CD4F92C327A7B516239133D0AD753B79F186193EF57836E1946047D6BCD609E581B28C78F7ADBB0F12345F2CA7F4A0C9D3675E1481CF5A75675AEB16F7180A704FAD5D5951BA30FCE9D8C9C5A1F9A51499A00A5633B341D452F4A41CE450451606263041A527BD0DF32F14EC6547AD308B2B5F4626B6718EA0D7966B76860B8604639AF59206D20D707E2EB175732A81B4914CDE0F4302D131166A7CF14CB7E2114EC6320D3458A3BD03BD20E94A3BD344B128A28AA00A28A2800A28A2800A28A2800A28A2800A28A2803B7A28A282028A28A0028A28A0028A28A0028A28A0028A28A003D69052FAD20A0115EFBFD43564E9FFF001F3F8D6B5F7FA86AC9D3FF00E3E7F1A0B36C74AC8BEFF5B5AE3A5645F7FADA08342CBFD57E1566AB597FAAFC2ACD003BD690F4A5F5A43D293D803A5275A339A00A8402AF7CF6A451BB24F414B8E38EF514927971951D4F1548111BE65B808BC8CF35D159DB0850003B565E91685C991C67B8ADC1C71524B050493463069C08029B9E69085A28A2800A28A2800A28A2800A28A2800A28A2800A28A2801314628CD19A42B8520E29681540986714DEB4739A78E054D86868CE29320546F384CF354E5B9C93834D22922CCD70141DA6A84972CC4F3C546D216CF34C1DEA92355102C4F5A52C1412690726A9DFDC8851867048C53B16A266EA7785DCA21E2A8AA9E00EA684CBB176E79AB56D0F99267B0A5146B626B4831C91CD5D518A6A00A7DB14FCE735BA16C19149C0CD028A62B8B4514534C6378E4D54B89B6E706A6964DA0D66BB191B152D8D0F8D7CC7CF5AD08A20AB50DAC5819356874A840C45C60D04ED049A729001AA97536D18AA12562BDCDC72403548F3C9A7392CC49A69FBBC564CA05F97DE8C06391498F970280C154E6A5318923855229B69134CD922A2C34D2803A66B6ECED8478E2AD6A226B68444B563A5348E2947038AA484C07341EA68E9453624868EB8A6CB26C53CD3890AA5AB3EE67CE4035235B95E797793CD41EB4679CD1EB50034518E3140A33819A4522191F00AD244B9E6A36397C5598C61681883A528A3D6814862D14514C028A28A0028A28A0028A28A002933C62969BDE80157BD452AE73528E2908C834010C073906A70315597E46AB2A72B9A004C739A5A41D2969009463208A293BE681903A94248A96097B134E601C62AB9063248A00BA8704FA52950791D6A18E4DC31532818EB4C863D259633946231EF576DB5BB880FCCC481F8D6765979A03A91C8A0CDC6E75965E2557E1DBF4AD88753B7987DF15E76A403F2922A649A64390E7F3A0C9D33D212489865587E74AA71D0822BCFE3D6AE20206E27F1ADED3B5D9254E704E3D283274CE90007E6A011EF59A9AAE061BF95588AFE17EA4E7E94116B1670A7B9AE77C516C24B6240E86BA15746E549ACDD621F32D1BD81A11713CF9130857D0D30F26A7618775F4CD4239527DE9A3517D681DE8F5A077A6896251451540145145001451450014514500145145001451450076F4514504051451400514514005145140051451400514514007AD028F5A4CD008AD7C7F726B2B4FE2E33EF5AB7FF00EA4D65D80FF48FC682CDA1D2B22F87EF6B587DDAC9BEFF005A2820D0B2FF00543E9566AAD97FABFC2AD5003A90F4A5A43D29005145152022F07355E4066995474CD4AEF853EB53695079B29623A73401B167108ADD401CD4FEB40000C0ED47AD2640503A52D148028A28A0028A28A0028A28A0028A28A0028A28A0028A28A004C518346693703C52158334A38CD263BD34B055249E94D0D2158819C9A825B90A0806A09AE320E0D532E49EB54916A2492CCCFDEA11C519E68CF3569686895833499EB9A33460903EB41A2426E088CC78E2B9BD46E5AE252B9E33DAB5356BA10C5B41E4F158483765CF7A57344491A646DED5A96B088E3F5FAD54B484B364D690185C0A7143B89D8D0A7AD1DA9456A8901CE693F9519C5281904D344D84C9CD0DC0CD2E3B8AAB733ED0454C9D8A457BA999B20629B6B16E6C9A894991CFB9AD0B48B00935171A2550146074A7F6E2918629415C75AA01ACFB109ACAB894B3107A0AB5732ED0466B359F2C4D67704079A4CD19A6D48F41C0724D5799C93B6A479022127BD36D6169E42FDB39A9B6A32E69B6BC02456C2003A54702A2205EF5202BEB56843C1E28A8F78F5A04A07535A210FE9D297822A2F3949C034AF280848352D82443712ED040AC99092C7356279B731E6AA93935234869E94AA7834D634A380690740534C95B6A1229CBDEA0B86E08A434244A1DB26A763B78150DBFAD4A79A062F514A0520EF40A4317145145300A28A2800A28A2800A28A2800A4C52D14005262968A00AD28C354B11F969B38EF4D85BB5004C052D2FF0D2629009476C5140EF40C0714C750FD69F8A4C500471BE18AF61C54F8C8C826AA3E55B22AD42F94F7A64D8503B66947140EF45001F8500F3D7A51F8D22F0681683F01BAF6AD3D26F562942301B7206715965B9029F8319DC09C5043499DFA5BC17116E5E87D29174C88367730ACBD07510D02C4CDC8AE880CAE45239A4AC32181631C313F5AA9AB49B2D18F1C822AF8E4562F88A611DA3283CD322271521CCAE47439A87000C03C669EADF2313D726A2524AE4FAD346C3BD681DE8F5A077A6896251451540145145001451450014514500145145001451450076F45145040514514005145140051451400514514005145140077A61A7F7A61A48115EF47EE5AB334F5FF48FC6B4EF7FD51ACDB0E27FC680B9B23A5645F7FAD15AC3A0AC8BEFF5A2981A165FEAC55AAAB63FEAFF000AB5400EA4CD263140140C39A31C51F745347BF4A91588E53970BEA715B7A6C02287763A8AC6B48CCB767B8078AE8E35DA9B6A44C7A8CE4D1D690669454A245A28A29805145140051451400514514000A4A51494900668C507A514085A41C537073C52E7231402169B8E49A00F5350CB70AA0A8232296E5455C74938506A8CD724E467AD452CA589F98E2A2CF35A463735501371279A5E314C1C9A70E0555AC6895833C9A4CD0186714A506324E050B50B0955EEEEC5BC44E46454579789021DAC0E2B9CBBBA7BA763B88CF606AB96E38B1D3DE9BD948CF02A48A3DC428F5AAB04617EB5A96483396A8B58D132F5BC4117F0A93AF15035DA818C8A88DF2AFA55AD00B7D0F4A2B39F50F4C5446F89CE0D57321246AFE349E6EDE09AC7374FEA69166663924D2E6B0EC6CB4A3693597712EE7229C663B719354DCEE24E6A79AE162D5B60355B374235ED5483011F1C1C542EE4E79A49858BDF6F04119A8BEDA738CD52CD19A7CC04F34BBC63350018A33C75A33517B8D080D213480E4D24B2051EF421A22726593CB1D8D6959A8823E7AE2A859464CC642320D5FB87C7038A602B5D104E0D37ED527AFEB55C9A334AE226FB4BFAD279EE7BD4340E29DC2C4EB3386EB560CC4C7C9AA20FAD3B79C633C51CC086B3EE24D0071484D28A57013AD07A52834C1DE90F7154706AA4DCBE2AD31C0355D573364F2280B12C4B84A7AF7A071D296818D1D4D145140C7514536801D453474A5ED400B451450014514500145145001451450031C641A863E1EAC7F09AAC410DC5005853CD2D363395A75200CD19E6968A2C8901DE971488A59B02ACFD958A64668B20B959E20C84D568E4C4857B66B623B7F948233599730F97296C639A0A242303EB480D3633B8641E94FC1A64342E693A1A0714A3A5026AC34025B34F62490B48A30294500B52CD95C35B5C7070323BD777A65CFDA20049ED5E7C132A18751CD745E1DBFC37944F6C506338E87545B6027D0571DE24BD324AD183DEBA4D4EF63B5B6762464820579EDDDD9B990B67249EB424629588F18F9690FCBC52A1C2FCDD6908CF34EC5A620E334B45266AC4145145030A28A2800A28A2800A28A2800A28A2800A28A2803B7A28A282028A28A0028A2933400B452668CD002D14514005145150028E9519EB520E9519EB4D022ADEFF00A9359B627F7C7EB5A37A0F946B36C81F38FD6A901B63EEFE15917DFEB456BA8254563DF1C4BCD0068D8FFABFC2AD555B0398B23D2AD6450007BD2A8EFE94991CD26E1838340C701B8D4772DB232075A7A1E18D57CB4B36C3CF3522B9A5A34398C4A472456BB0E6A0B284456EAA06081560739CD490D8AC38A41DE949CD20EF4805A28A2800A28A2800A28A2800A28A2800A28A40334005251D281DE993B80E87349BC2839A19C0EA6A94F7180401458D231249AE400706B39E42CCC41EB4859998E6932071E94E31B9B46222D277A7038A4EA78AA2D2B087838A51D29A186769EB492C8B12E49C0AA8AB85EC3982A8DC4F4ACCBED4C2295522A2BDD4411889B71CF38ACA626490E49C93D2B78C12462E7A8D799E4259C9C55538F3895FBB572E229122F9976FBD54880DBD7273532491A41DCB30217356A494C2B81F4A8E00557762A1B89039C66B9DB3648432B12680D914CFC695718EB45C05E334020520C6734034AE34876E1407F4A6D03A521D87F98718A453CD378A38A621FBF8C53339A38A3E5A000714669B9A050161734AA3834DCD19F4A4090A0601355E43BD88A91DC2A9C9C1A8EDB99727A6682922FDB208EDC13D7151C92649A7C92A80554F155B3CD301E4D19A6A9F5A5A005CD369D40A02C00519A0114521580734520E29680B0669338346699CF5ED40D21267C0A4879F9AA0B97038CF353C0311F3C67A52192F147148307A52D00277A28C514C075369D4DA00074A776A68E94EED400514514005145140051451400514514009ED504A31CD4DDE9938C8A0021395A92A180F18EF53520014A0641A414A3F4A62248301AB5E1C1887D2B1978248AD4B36DCA0668249D540359DA943F292076AD3C104D433C61D08C678A0A306DC904A9A9F150CE863B8E9819A981C8C8A004C50052AF27029C5180C91C5026300A762932052822804896139C83D2A486636936F07150292327B54AEA1D339A0992B96EFEFA5BF88804E073C5616DD8C6AEC732C40AE73918AACE033134D18388A06578A4191D68C90BC0A393D455589D8751499A334C04A28A2800A28A2800A28A2800A28A2800A28A2800A28A2803B7A28A282028A28A0028A28A006D1451400E145028A0028A28A801474A653C74A653408AB7BFEA5AB36CBFD77E35A57BFEA5AB36CBFD77E35480D94C85ACCBD84B92C056AE015FC29862561C8A00CA82E5A1057B54C3503E9568D8A939C0C51FD9F1FA0A00AC2FF00D85385E6412074A9BEC09D80A5164A0118EB400D1744444FB54DA4113CC5B1D0E6992C0A22D9C648C568689682242C475152266CA80381D28ED4838A5A9640A3A5140E945482168A28A630A28A2800A28A2800A28A2800A4CE2968A0068E69AEE114D0F2045359F3DC13900D50E2874F718C806A997DC69AD92793428E6A923A22AC2E702818C66820629B8E2A96850B9A68CF4EF4FC2A8CD53B9BC48C3052323A5528DC1BB12CB2C70212C4123D6B16F35269C94078A865BB9267C3138A74568D2B61173935A463639E53B15A186491FE5C9ADEB0D1F703248BD0679AB9A568DB30F20EBEA2B4751912D2CDB6000E0F4A9955B68888EAEE723ACC8A929886300D64B00B9C74A92E246B99D9C93EB51B1E71594A773AE0B4258E72A98A887CCC4D37800D00E3350B535D87E68CD3334668B087E6973510634BBB8A0A4893751BAA2DD46EA9B144BBA8DD51E68CD310ECD19A6E7EB467EB400ECD2669B9A5CFD681343B3467009F4A6D319B0A681A446EDBDB153469B57350C6A7766A724630290D0B9CF34714C1C519AAB0587014B4DCD2E680B0ECD00D3334034582C49C51C533346690EC3E8A60346680B0FA69E4ED1DE9334EB44335C01D4501621BAB6E55B1DAA4030AA3D0558BD01182FB55707F4A0A05183485B9A5CF150337CD401641C8A29A878A76682028A33450003A52F6A41DE8CD002E7EB4A3BD36941A005CD14DA2801D453681D2801D4514500340C9A255F94D2AD07906802B4271262AC839AAB8DB2D58439A4049494EA68E868421C3A1ABD62C01AA3FC26A7B57C1A649AD9CD18C8348872B9F6A507AD0518DA845825BD2A081B2B8AD3BE8C346DC738AC88CEC6DB40161461EB460844A873D85505E99ABB6B2100814004966B9240AAED6D8E82B49791CD21507B504DCC968D871CE054B048BB4A9EB57BCA562C302AB35A112123A502DCCFBC8CC6772F4CD431B6E1935A7750E63231CD6528F2F2A69A15AE489C9C529183489C734A4E4E6ACC27A00EB40EB40EB40EB488414514532828A28A0028A28A0028A28A0028A28A0028A28A00EDE8A28A080A28A2800A28A2801B4514500385140A2800A28A2800A6D3A9B40152F7FD4B566D87FAF3F5AD4BDFF0052D59961FEBFF1A9B85CDB4E9477A17A52E335400A48E29C29AA39A7A8C52B80BD281D73D852AE69B2BEC8D877238A9B8159D8CB38551C66BA0B38847081DF1597A65AEE63238F7ADA5185E3A0A2E263E8ED48297B54BD881074A281D28A4085A28A298C28A28A0028A41DE96801B403ED4B49D7A52B8831C5216001278A52D804D50B8B9001506A92B969115E5F05254726AAA3EFE4D67CB2192E719E3357946D8C7D29C74DCDA1124E0D3718A07233DE914331C1E2AD3BEC68D2485CE7A530B0504B9DA2993CE9029E41AC6B9D49E52CB92074AB8D36F7336EDB172F35344055486FA563BC924EFBB240CE71EB4240D33E73926B674FD22491D49538CF3C56F1718AD4C253654B2D39E76FBA45751A76951C0996018FB8A9ED6C5201C81525CDD45021F9871584A6E4ED1237DC959963439C000715CA6BFAA7CAD10F9BB6734ED4F5D250AA1C63D0D729717725C4A4924F352A165A9BD38A1E9D19B3D6999EB4D53B451EB5935667641682E39EB4BDA92901EB4206876452668CD2669A63487519A4CFD68CFD6818B9A2933F5A33F5A0028A28A401451450000D1D6933499E68131F9C76A8257C103D6A661F2E735588DCDF4A57422C4406DCD281F36734C8CE06334E079EB45D0F5179CD1CD37772680D543B8E19A39A33C526680B8BCD1C8A4CD00D0171F9A4CE050BC8A8DDF07148072B5380C8A8D0E53352A1E0D03B89D322B4F45B4C83393D0918ACC41BD801EB5D45B422DEC09F519A02E73D7EDBEE491C0191500E8453E77DD70E7DCD47CD02BB15BE5426ABAFCEDE953C9F70D430F53480B0BC0C519FAD229A5CD300CFD68A33466800CFD6973499A33400A2814DCD28340EC3E9BC52668CD016178A514DCD19A02C3B228C8A6FE347E34AE161DDA85E01A4FC681C8EB45C2C4121C36EA9A2195CD4528E2A484FCB8A10BA938E452018A01C500FD698851D314E8CEC39EB4D534A0D320D7B77DE9D3181520EA78AAF68FF00262A656CE680BB19347BE361583711EC9BAF7AE847F10AC6D423C484E3BD034111DC9F854D6EFB588F5AAD09F97152A70D9A0AB686AC6DF2D3C1CF3514072B529E05222C038E828EFCD203C519A02C3248C32B0AC2BD88A4871D335D076ACCD461C82C0500B628AE0C740E9EF51C249C8352639AAB98490A3AD03AD34503A9A666875148296994145145001451450014514500145145001451450076F4514504051451400514526280128A5C518A005145145001451450014DA7535A802ADEFF00A96ACDB0FF005E7EB5A57BFEA5AB374EE6E39F5A00DB5E9F853877A6AF414E1D2800E833522F35112706A5C663F97838A9602938150ED334AAA3A679A92560B173D7152E931972ECE338E9485D0D1B7844718503922A70428DA7AD354914EE0F2691370038C52E28CD19A57158077A0F7A077A0F7A4805A28A298C28A28A0028A4ED4828016800019A4C62ABDCCFB01C1C7149204AE477373B4119AC7BB98F94CCA6A791CBB12C722B3A697CC9BCA1F74F515A256D4E88C42D622EE1CD6813C014C84048FA63DEA19EF6189092C0B0ED56A0E469A2273284193D2A85D6B1144A5548CFD6B22F358790B08C9007159EA5A7724E5B26B78D1E5D599CA45E9AF25B827938A960B469B0A0735369DA5CB371B481EE2BA9B1D2A3815495048EA6AA551256473B91474CD0C2E19F1F88ADE8D52042140C0A6C93470A1C90B8F5AC2D4759D9BA38DB93C64573D9CDDCC9BB9A17DAB471230C8CD72B7BAA49333609C555B9B99243F3B66A94D70AAA429E6B68454371C62D85DCE36819E49E6A0500026AB65A46249C8ED5610E463B5454926F43BA946C85DD9E9403C53781D281D2B98E88E8499A3351AD1D2843B0FE28E29B9A5A760B0BC51C5373499A2C161FC51C53334668B0587F14714CCD19A2C161FC51C53734668B0585A07AD19F7A51DE90586B3F045323192C69B21F9B02A45E178EF40850714F534C1DE9C0D001CD1CD26697340ECC51464D2668CD01663B3ED49D6901EB4670280B3053D6A07397A95B81C75A8E300B64F3401320C26297384A0FDD0052F55C77CD022F6936FE7C9CF3CD7437A4259151C600154B4480226EDB83EB56B560C964E7A1A05739327F7AE7DCD275CD2C6321C9EB9A6E7A8A068494FC94C83BD171809C52DBFDD268048947534B4940340C5A281DE8A0028A28A002802939A33405D8EC51F9D341A39A02EC7669293A51400BBA8DD4DA2A463C9A01E293AD28A006483E534D80F38A9186548355E224498078AA405C270280690F2B4833408916945301A7AD04B45CB69400735652E149233599BC81F29C511CAC0F5A64D8DA420E48ACFBE8F2A4D496F71CE09E0D3EE36BC671E940D18B136188AB23D6AB32EC94F6E6ACA1CA5055D9A168DC62AC9E4D50B46C1EB57C734890C628A31462810DA8AE63DF19A9B148DCE41A608E7255F2A434F560C3353EA30804903BD558B1B76F7A119324E69B4FA4C534656B094B4515430A28A2800A28A2800A28A2800A28A2800A28A2803B7A28A282028A28A0028A28A0028A28A0028A28A0028A28A0029AD4EA6B50055BDFF52D59BA77FC7C7E35A57BFEA5AB374EFF008F8FC68036D69C3A5357A0A70A0000CF152C7C673D05459C1CD3D9808D989C54B02BCA5A59C28E99ADCB3804508E39239ACBD321F3662E46403D6B74600C0E82A6E43D84028A50697152421BDA9F4DA75229083A520A51D29053431D45145300A28A4E28013B1A071477A6BB2A8392054920D2800F3DAB26794B6E19A7DC4E724039FA55562778FA55451AC10D9E458EDD8E706B36DD90B195C8001EF4DD66EC4685738E3A573CF7F29468C1201E735D30836EC74AB246DDFEB6B1831C673EE2B065BA926624B1C1ED506E2EC77024D5CB2D3E5B890008707DABAF9153317223B785E73B5549F535D468FE1F23124801EFCD6868FA1C5047964196E735B7FBBB68F2C40C5613AD7D1183632DE08E15C2A8522A0BCD4E2B646C10703B1AA3A8EB888088DB9F635CC5CDE493331662C0F6A88537277666D97EF7587B9242B15ACA95CE49639351348A1490429F7AA6F724B15E581AE9568A2A316C7CF7072466A9C849E7352119E49A89DB1915CD5277D8EDA54FB847CE454B9C54483033EB4F5AE64D9D2A290F1CD2E69A38A2980E068CD346714B9A4343F34B9A66EA375318B45301A5CFBD318EA29B9F7A33EF400EA29B4B400668CD1450019A5CFCB9A65398809C9ED40111396A957A0A813058F3560118A440519A4CD2500381E28CD357A52D32C7678A4068ED499A901C0D19A683467EB4008E782288BA9A6B1EA053E3181410483AD4D6B1F9B305EB518E149AD3D020325C7DD38CD046C749A75AF970818AADE21212D197D856DC316C007B573DE2A6C2151E828253D4E5D7856FAD34F14ABFEACFAD349E682E24370FC62961388EA1B83CE2A68FEE0A0B44D9E0D19A683C519A043F34034DCD283C5003A8A6E452E680168A651400E06969A3BD3A8010538534528E949809451450301DE9C0D341A077A007F5CD555E25AB408E726AA1E25A6245D072281D298B9C0F4A7F0050028A5078A68C7AD2F1EB4805DD9A514C18F5A01AA23424562BC8AB7049BD08354B24F153DB1C1C6682882ED76BE47AD242DF2D4B7A38CD5780F514017A06C1AD28CE57359119C356A404141F4A449252D37B53A800A652E68EBD2988A97B1064271588B95948AE866198CD61CE9B6527A5089680734B4C439A79C53462C28A074A2A84145145001476A28ED4009451450014514500145145007714514504051451400514514005145140051451400514514005369D487A50054BC3FB9359D61FEBCFD6AFDE9FDD1ACFD3CFEFFF001A00DB5E829475A45E829475A005C6462A29CE47963B8A941C66A2890CD76B8E40350C966CE9907976E54F19156C0C647A5246022281D852F7269123E8A28A430A28A280100A0F7A077A0F7A48428A6E29C2928430CF14800268EF4B9DA280B5C46C2E4D50B9981C8CD4D3CC0023359B23E58E6A96C5C6246C7926992CA23899D8E314E24806B1B58BA6F2CC71E727D2AE0ECCD546C63EA777F689C807207155A3B76938DA48AB765A6C92E59C724FA56F58E991C6BB9C0E2BB233B2B8D99961A21908240C575BA6E9B15BA0240E2A386158C6E040029977AB4514642B7CDEC6B26E550C24D2346E6FA2B50064671EB5CE6A5AE34B945638E9599757F35C39258E074AA664504E79AD63439756637BEC4858BB166350CB384040350CD763902AA191A4CF354E692B1A420DB1CF2F9AC69AA304D006DE68C839AE59CAE76D38581BA9A898E6A463C11512F24D62B537265FBA29477A45E94EA0400D19A6E6968014502901A506800E3DE8E3DE8C8A322900520A281400E145341A3345810A29C29A0D00D300A5A4A2800EDC52391B3069D9C5579CB11C671400F81416353F1DAA1B404839EB52E304D20168A28A0051DE8A4068CFD6980BDA938A33C5266800A4EC692918E01A60315BE6C5594E95494FCF9AB48D9E2901315CA83EF8AEB3C3966563F308AE56043248A807715E85A44223B355C638159B329BB17146067D2B94F149F98FD2BAC1CA35721E273F31FA5246307A9CEFF01A8CF19A907DC35139C03548EB8EC51739908AB917094CFB31397C53939E3D2A90A3B8F5EF47AD19A3340C5A074A4CFD6941A0028A33466800DD4E06994038A0078EF4B9A6039A5A005CD2834DA33400B9A33499A334AC3141A01A406941A2C02E6AB4A70F538355AE4E1A9A02EA1CC74A4D4703663A7E79A04283452034A0D002034E06994A0D004C0F14F81B0FF8D420D2A1C36681162E86E4CFB55188E188AB8D2064C7B55163B5C7B9A00B8A79CD5F825013AD6629CAE6A759309D6824BA2E4038CD489383DEB2F79249CD2ACAC3BD03B1B0BB48EB4A0605664774C0F24D5C8EE148E4D04B247C95358D7C9B413EF5B6A55978ACED4132871EB4C0CC88D3C8A887CAD8A9FB53309201D292928CD2205A6D1450014BDA928CD001C7B51C7B5251400B45028A0028A28A00EE68A28AB2428A28A0028A28A0028A28A0028A28A0028A05140099A4CF14EA6FAD0052BEC889AA869DCCFF008D685F7FA96ACFD37FD7FE3401B6A38A51C9A443C52AF5A0024711A127902A7D2A2F98CA7904E4551B96CA95F5AD9D2A2C4009F4A802FF00F09FD294F4A56036F14CE7148CC7D14514861451450037B519F7A5ED4B5371083BD2119069477A439A68014F3CD473C8114934AE422E7359D737058900D348B8AB914F3EE62C338A8B3C51D4107AD341C039AB4AE6D156239E4589093CE6B362B333C859F919E952DC486593603C66AE46D15BC59623A7AD6B18157B0E8A0863C700014D9EEE38C90482A3A806B22F35901C84359CD712CAD9DDC1AE8842EECCCA4F4D0D5BBD61C294849C566348D2659DB9A6170AA4B1E6A9CD75C90A6B5928D3D8E6B36CB0D70A9F2F5AA92CDBF38A899C9E734CE4E6B9A588BE87551A3DC3AD282074140F7A4F5AC652BEA777B349683B39A41DE814564F512B211CE1714C8C6493439ED4B18E29A19206E48A527AD347DE269C7BD024262940A051400A3BD25145002E68CD1C51C53B806692978A38A2E027AD283C527AD28E9400034A0D34528A402A9CD140E7A519C75A000FDD3573EC38B5F3180C119A86D2169EE1571904D6EEA30882C368E3E5A00E6D0618EDE00A9334C41F78D283C9A403B3466933466800CD19A28A602678342F23228ED499C70280173DB151CC70B532800126AACF202768F5A007C7192B9CD3C653AF4A588622FC68947C991EB480DBD12D8CD74A71C62BBA897646147A0AE3BC2D329C23707D6BB4042A8C73C54B39EA314700D71FE28FF5A57BE2BB2E319AE37C4E3FD23F0A94674DEA73B9C2EDEF50C87009A9C8E6A1917208F7AA476476347C902C4BFB0ACE51B0E4F20F35B32C78D289FF006456339E6A90A3B877CFAD27AD28E949EB40C5A5A4A280173466928A005C8A6938A5A8DCF3400F8CE49A7D322E99A7D0014514500260D1834734734586283403483A528EF4085CD56BAE46476AB14CF2F7B62800B56CA118A98714C58BCA3B69F9A0051D2941A4A2800078A29A0D381A0029D9A6E68A007862062A09C12558763CD4B9A8E5FBB4089A160E9C76A787C022A0B66C29FA5480F2680B0E19A70C5301A50680B0EC7A52ACA50F5A6E681CD04DCBF6F74304734EB850F1922B3D5F61157A37DF162843B18D3295949A910F14B74BF31A8E239045518C9128E68F5A318A4A4622514503A50018A3145140098A314B450020E29734940A0051DE8A077A2803B9A28A2AC90A28A2800A28A2800A28A2800A28A28001451450014DF5A29680295FFF00A96ACFD37FD7FE357EFBFD4B56769DFF001F07EB5360B1BAA3029C9CD34138A552455015AE38393D2BA1D30FFA2023D2B02E573131EF5B1A5487ECC141E7150C9668039CD38E29BD07BD28E7150C9168A28A630A29BCD14842D14808A3E94AD700A320039A3A7355A79C2A900F34D21A8B645753E72B9ACF3924934E762CC4D30939C76AD12378C6DB8AB8DD9ED556FAE1615273561B0AA49E98AE6B5BBD24944618ADE106CBB1347A846AECEC7D6B3EEF577932A1B8CD65BBB30233518EB5D518595D8ACD9763CB1DCC6A57BA548C815496560302984139CD29D4515A6E4AA6DBD47BDC349DE902719A6818A764915C6EA396E74C69A43430E86941069AC326954562D22F45B0BD453475EB4EA6F6EB42126FA8F1D2929CA320D35CE012298C889F9B15201806A25E5B26A6A0102D3A9AB4EA000514525002D14945002D14034A3BD20128A28A0051498A5147AD0857B0805029452531A771C9C1E695BE63814D5C679E953DAC3E6CC17A8CF34058DBD12C47CB291D39A9F5F602DF683DAB42C6010DB80A3191CD657888ED403D450095CE75080A68EC28006D149D38148028A40692801C28A406941A62178A69EB4A28C738A43139E82924B3658F791C135244BFE90147A8AD7D4E058AC170307340918F10FDDE29FB77FCBEA45323071F8D58B78F74CA3DC7F3A60DD8E834CD39A1B6170A39ADFD32F84BF24A791C5496102ADA2C78EA3358BA9C52D8CE2587819A867349DCEA3A37B62B8CF13B7FA57E15D0E99AA2DE4054B0DE38AE73C4C7FD23F0A95A134E2D33077734D1CB63DE800E6963E65DA3AE69A6762D11BF751E34763FEC8AE69B96AEAEF90AE918EC54572B8E589EC6A93253D4281499A515453168A28A0028ED4521E868012A190FCD52A9CE6A16E64C1A009E2FBB4EA629C0C0E94A09A00751480D3A80128A5A28010528EF48280680169F68375D05F6A654D6001BD53ED400FBD1B27503D2A053D6AF6AF1AA3ABF7C551E82900BC51C5337528340EC2D28A6E7934A0D02B31452D34734B9A02CC76698FF0071A9450DF748A40476E78353A9CE6AA46712103A66ACE48E94C07E6941A651CD00499A50706A3DC68DD40AC39BAE6AD5A36720FA554CE6A6B5621CFD28185DA7535463386C5685DFDD359C4953914CCA4AE58A2911B2B9A0706839DE8EC2D03A5145048514514009CD1CD145031281451400A28A4CFD68A00EEA8A28AB2428A28A0028A28A0028A28A0028A28A002929692A0005369C29B4D022A5FF00FA9359FA77FAF3F5AD0BFF00F54D59FA77FAF3F5AA406D8E94A050BF769450031D77215F5A9F4B9B64BB09E338A60E6ABEE30CB919E4E6A5A134750086231D290F04D416726F841CF38A98D4D89B0B9FAD19FAD267DE8DC3D452B21585CF1480526464F228DC00EA28B0D2142F5CD0582020D44F70141E455296ECB038342562D46E599AE41040359EEE589E78A6F984E79A686DDC5524691561C70299C9A52299348228C93548B29EA978B0DB94CE0D715713B4B293938CD6A6B174D35C100F18AC80B8249AA84DA66915743793C0A029A906169339AD9D5761A88D5E29D9E31498A315CB29B6CD12B0B451450034D0B41A16801D4DC53A8A0017A535FA114F1D2A36EF400D415281C5310549DA801ABD4D3E98BD4D3E800A28A2800A28A2800CD2834D1DE945003B345341A75003697B1A314D1C504D8514B4829681A10F0871D6B7340B5DE4B30EF58D0C7BE455F5AEC74BB610440E3190290D97E3002951DAB9EF12370A3DABA13C1FAD731E246F980A481331FA20A6E294FDC14D1D2985D80EF4B483BD2D02194A29294550C72D28FF00586933C1A728C26EF5A913659D3A132EA38C64715B3E244115BAA8F51517866DC4971BC8ED53F8B3EFEDF4229129EA7389F77E95A1A3C7E6DD28C679AA31AF51ED5B5E188775D8E3B501367710A058540EA00AAD796AB750B210338AB4BF2807B6314E183CD4B396FA9C3A99747BD279DB93EF5575AD423B999483C95AEB358D2D6F226603903B579D5DC12C37B86CE17239A0D61B928241A7D9AEEBC5CD44B20240F6AB7A7266FE3A48DFA1D3EA802E9278FE115C69FE2FAD769AD0C6947FDD15C58FE2FAD52147713D692973D692AD143A933F5A5A6D002E7EB499E28A2801ABC135093FBCFC6A5EE6A0CFEF7F1A00B23BD00D251400E068CD20A4A007668CD368A0075381A6D02801D9AB1A70CDE2FD2AA9E86AE694337ABF4A00B9ADA6154FB0ACACF1F856DEBA311AFD05618A4342D2038A1AA32714143C1A5069AA78A51400ECF14034DCF1403400F06949E0D301A5CF5A096439C4BF8D5AEA33551B897F1AB6BF739A042E7EB467EB483BD1400B9FAD00D251400A0D4909C35434F4386FC6813459B9194ACF71DEB467E63AA120F94D048427286A4CF6A8603F29FAD4A0D339A4B51D4503A51410145145001451450025145140051451401DCD14515620A28A2800A28A2800A28A2800A28A2800A4A5A5C5400D149D8D380A6D3408A57E3F746B3F4DFF005FF8D68DF7FAA359DA7F13FE35480DE1D2945341E2941CD0019C53E540F11200CE2980735221E31DA958121B6177E4B9566E335A33DD8014A9EB58F71094CBAFD69B6B705F2AE7EEF4A561A5734FED87D69BF6B63DEA004638A400F7A2C35026172D9382694CEC475350720D028B0D44734CDEB4D14A45369A4546360E94EDBBB3ED494024532908BF367DAB1F5ABF5851901E6B4EF265B7889CF35C66A1726E26249E28348C6E5667DE49249E690018A420038A334B4344ADA0714DF5A7525172AC20A2928CD2B215C5A28A2900C638229E3A546E7069CA78A00751482968001D2A363CD499E2A263F35004894E348BC0A33CD000B4EA40296800A28A2800A28A280128A28A65887BD00D07BD203400F5A5A6528A44585514F06999A7A8E28048BBA65B996E9580C806BB054C46A00C60563787ED800588EA735B8A73915226382E76E3B572DE2407CF41F5AEB6DE3C939AE5FC50989D3F1A6894CC11F74D3453D7EE9A68140D31B453B14628286D2814B8A5514C418E28EABB69C05246A4CA147A8A426CECBC2D6DB6D5588EC79AA1E2D199F1EE2BA0D02311D82122B0FC589FBCDDEE291945FBC73C47F2AE93C2B1FEF4B11DAB9ACFCA0FBD761E188F116EC74A45CD9D2638C52500E45262A6E7330201520D715E29B258C97500719E2BB6EC6B99F14465E02DE80508D29EE71448D9C76ABBA5C80EA31293DAA848A421F6345ACE60B95973D28474743BCD6D73A6123A6DAE238248F7AEAE5D4A3B8D30A9619C015C931532B007BD3261B81C76A4CD18C6692B4458ECD19A334DCFD6801C28ED480D2E6801BD8D5607F7A6AC13806AAA9FDF1FAD005A1D694520EB4A2801452528A4A0028A28A00514A290528A0070ABFA3A66E8102B3BA0ADBF0EC05F2F8E86802D6BD1E6007D00AE7075AEAF5B5CDA9F615C9AF53F5A4342F7A81CFCF53679AAEE7E7A0A275FBB45354F14B400B45251400EA3BD267EB4679A008DBFD67E35673F2D577E1FF1A994F14103852834D068CD00381E2933480D26681A1F429C1A6E693340ACCB8EE0C78CD55CE41A5DE48C669A3BD022153B64AB3DAAB30C3E6AC46D914CC24853C0A414A79A0506028E94829474A4ED414B6168A28A0434F7A4A53DE92800A28A2803BCA28A2AC90A28A2800A28A2800A28A2800A28A2800A0114D271D69C480B9150019029BD4D0A0904F6A64922A82A0F3563457BFF00F52D59760C167C9CF5AD75B19AE4F4383576D744488E5873F4ACDC9A2924505BA8FA64FE552A4F19E335AA34D83A103F2AAD71A41C168B3429136B112904645397D475AA4667B67D8E323DEAEC58963DCA7B55263B0A70CA55AA95C40D1B0688641EB57D0AF21BAD30AE4B03D0F4AA04EC538AF13EEB1E6AD23165DDDAAB4D65B49651EF51C572623B5FA0A0B8BB9A1927A537245323915C060DD6A4CE471417A08334B8A02F04E69A0D02DC762933C1F5A39C5341EB40D23075CB871B909C5736A092C6B6F5E7CCC456329C13F4A0DE3A11F39A5C7147AD1DAA0A128E68A39A417100A5C1A39A39A62B066901A43DE81D4D0031FEF53D7A535C734E43C500380C5253BB527A5002638351632C3EB531385A89796A00940A39A7514009D051D68EB4BD281A414518A31405828A3146280B05145140C31C52006968A0068EF4A30090681DE908E49A05D078E0E0F7A7C71B3B0551927A5340FE2F4ABBA54465B9538E05204755A7C5E55B27183819AB91A16351C4B88C2FA0ABB6D0F39A9B99C9D89618F68248AE3FC54CAF70A14F4CE6BB7DB8420570DE29B6944BBC038E4D34CCE0D3776618C2820F7E94DE9D7BD58D3A15B99046E70738AE86DBC30A49666383D28B9A6872F838E868C1C6707F2AEDD3C33163BFE552FF00C23B6EAB8FE945C9E7EC70607D6815DC1F0DDB91D71F85412785A339DA4FE54AE3E6390A9AC22F36E80032722B7E4F0A11920B71469FA1CB05DEE6538E28E621C8E9AC53CBB3541D476AC0F152E2105BB9AE9E342AA0639AE7BC551936C188E334B9888BD4E440F940F715DCF8723F2ECF9AE1970640092391FCEBBFD11556CD79CD22E6EE698E84F6A5E0F4A4C93C01C52EE0BD453306201DAB0BC491B7D8DF6804F15BAC73D2B335C4DF66DF4A48A83699E78AA59595877A862B6334FE5A8E4D5ADBB6461EE6A5D2541D4909F5A11D49BB04F617B6B01DE085C7AD66C392CC493C1E6BD2AFED2396C3A0E83B579E5C810CB2201DEA8983B8CEB9C52734A0FCB9A5AB468273EB499E69D4DEE68001D29738A077A4A006B7435513998E2ADB64A9FA5564521B763826A6E1A96C75A51480719F5A2980A28E2905039A60B5179A39A3146281D801A5069A16955680B0A4E0575BE1583368CD8EF5CA2FDEC1AEEBC3B198EC4F0304E69112762B6B511FB2BF1DEB90236B37D6BB5F109DB66E3804D70E580DD93C9340E0EE28E4923A55390FEF2AD061838AA8E32E4D345BD0B09F768A72FDD147145C9B8DA7668E28C5170B866807914628E868B85C6C870D9A721C8C8A8E53CD3E23F25202504114669AA78A33400B8A40452678A4E680BB1F91EB4A08A60A514805079A5E29B45301B274CD3A06C820535F9534901C31A66322CAF079A283CD283418341C52718A011476A690930CD19A6F34735421F494DE68E6801D45379A2803BCA28A2810514514005145140051451400514514009B49E2900278A703488719CD4EA03247D8840EB4EB0B333E5DB3806A1881B8BAD8785F5ADCB789604DAB52D8D0E8E34853000CD3F05FAF1499C9C9A5CE46071517B94232EE18079142964041E47BD28E9C1C518F7CD244946F2C239E36207CDDB02B2E277B67F2DBA67BD7458C738CFB5676A5680A19107CD8CE2AD3022C071B81A56F980F5155AD65232ADD7A62AD71D6B44C06A9C8C11C54535A2CA0E3AD4FD45376E0FDE34C69D8CD104D031C6702A54BD0382055DC2B0C102A192D11812383416A43A37122920D28EF549A078F2558E076A54B96CFCC00A0132E8C6314D6E11BE94D4951870DCD2CB911B11CF068293390D624CDD919ACE3C37E156B5162D74C4F155382D9141D111B4A0D201EB4A2A06C6E69474A3140A0028A28A0069EF40EA683DE814008E39A178A1BA66910E4D004839A28031466801AE70299175A739C8A48BBD004D45341A01A0077AD03BD20EB4A3BD034145145030A28A2800A28A2800A28A3340077A00E08A41D2947033405872FDC35D0787ADF83211D0D73E80F2A3BD761A24023B427B9C1A9B90DD8D5863DC6B4224D8B505B46A30739356D5860E78A9B9CD295C33DFB552BDD363BDE197AFB55E23820723D68C12A31C62A4CA2DA389D53C3D2D9BF9B6E1B8E78AA107882EECDD92E06D0381935E83298CA912608F7AE6B5BD36C2E119C30561CE00EB4AE6F06DEE259F8AE16501DD456941AFDA4879905799DD06827658C9201EB51ADD4ABD243F9D3B9A72267AC0D56D09E2518A7AEA36A7A482BC9BFB42E01E246C7D69CBAADCA9E2463F8D170F667AD8BCB76FE3069CB2C24E4115E52BADDD81F7CFE74F5D7AF00C798DF9D2B89D267AB8963C643555BEB68AF21D8EDC039AF358FC417806048C7F1A997C497817049FCE9A64AA6D1D0DC787A32F9427AFA569408F69005049C1EF5C75BF886E249023B1519EB9AECB4B11DD420994B1F43543922CC5A998FEF62AFC37514EB9523355AE2C9254231B481DAB362796D262A41DBEA6833E546E820719AA9A8AEFB4715089CF0C1B229D34E5EDD9481490E2AC7057285277FA9A9B465CEA480FAD1A82ED9DB8E0935268C9FF1308C839342366EC8EE99375A63DABCE3518C2DE49F535E9880880719E2BCF35B4097AE3D493564C1EA671C638A51D28DA48E0640A401BB8A0D429B8E69D8A4EF4C04E94DA5A4C73400E519DC2AC3DAEDB44931D6AB2643E33D6B6AE22C691111D81A5A9373190E4629D51C43E5DC7BD499A6806D28A29BBB14C6828A68907AD23498E8334CD09770F4A378A881C8CD080904D226E4C8E0364FAD75963E208EDED422ED3C0AE52D2D9AE66118CF35D8E9DE1A40819D89F622A5B329B32F54D427D422655518F635CEF96E19836739AF4B934DB786D9B6A0C81D715C05EAE2E24C0C004D098536550302A09236392055A2028ABB0DB2B59C931EABD07AD34CD64CCE4C85C1EB4A7BD29FBC7D290F7A624145252D00147714504500472F5A745F729927269D19C2D202453C52E69AA38A5C50019E2901A3140A00514B4CCE29C0E680168A6D2D0029E548A854ED6A9371E4546C3E6268467245D4E573467AD351BE5C52F6AA473C90BEB4B4CF5A750B627A0514515420A28A31400514628A00EEA8A28A041451450014514500145145001451450034F7A8E5936A161F4A90F4355D86F9443DC906A18D1A1A4DB6613211F366B4BDA92DD0430851C0C0A5AC5B00CD18A29450985C074A5A074A290C3B53000DB958707A669DDA9AD863C76AB4C4635D5B1B7B8320E149CD488430C8EF57AF62134040EA0565DA124BA1FE1E2AE2C0B029690502B425B0DBDF340E2939A39140930F94F18A826B556076FE953E3149F4A0D13330DB4D1E76E6A29AE668A26DC0E30456CE723A552D4114C0D903A505C59C64F279B331350E36E6A49F027602A3C1E49A0EB80D072297D691482BC52FAD403128A28A00292969280168A28A00637DD34C8CF26A46FBA6A143F31A00B00D148BCD29EF4011BF4A22E8687E9445D0D003C528EF4829477A0051D69477A41D69477A06828A28A0614514500145145001DA9077A5ED483BD001DA9707149DA9EA7B52044F669BE50BE95DC69B6FB6DB18EC2B91D161DF7201F5AEFAD63091A8F6A8319B2784045E064D38BA8525C05159F75AAC56C182E19876AC49AFEFAF58AC71B283DC1A4616BB36AEB58B5B604998123B5615EF8BD5411191F81AA93E9BB419AE2E08C7255AB9DD40C1BC88D81FA52358D3BEA694FE29B990100900FBD664BACDD4991B8907DEA88DC7A0E29C14B0E16958D941210C8D212CC2A223E6E4D58585C9E8695AD88193D68B15648AEC4019A06319A73A6171516D205558A561DBF278A72F3D6A5B3B369B80393561F46B90090A68B15A14F903834CF31B3C8E2A66B29E2CEE069A063208A04ACC40E71B94E0D6DE8DAECB6AE0331C7B9AC455C9F6A70C03E8699328A3D5B4BD563BEB7DC186ECE31526A16C648F28BCFA8AF3ED17556B19C658EDFAD7A1D85FC77B6F9041245072C95B6284276A1463CE6A60370C7AD32EAD9A397CCE76D4806EC63D28126666A1A29954BA824FD2A8E95A7CB16A4990700D75F0A8298614F5B7895F7A81B852429487A2B797B48ED5C4788ECCADCEEC71CD773C8619354352D2D6EF9C0CE3D2A91309599E72A41042F6EB49B189ADEBBF0ECB1B1312923BE05664D65342486078A0EA4EE522180A4C66A6231C1A6639F6AA0198A4DB4FDB46DA57421918CC83EB5D1CD1674543EC6B9F8C6655FAD75ED183A121F6342D89B9C62FCA3145388C4A4518A68686D35B3838A7D2629948AD86CF7A70071CD4CA1734B807A503224048C54891ED5CD3946DA9382303D6811AFE1AB757BD048C8AEF942A205000E2B97F0CDAE31262BA9C0CFE151239E6F521BBE2DD8FB579B5DF37127FBC6BD22F8FFA2B81E95E6F75FF001F5203EA6A51549EA57232715B0D1F95A63E78DC335948B9980ADED617CAD3131DD3356B6376CE6CF53487BD00E79A0F7AA041480D1DA92801C0D07A1A41476340113D393EED35E9C9F7690122F434EA6AF434EA004EC69297B537BD001DA901E714EFE1A894FCE4500480D2D341A72D002535BAE69F4D6E86813D89216C822A61556D8E49AB42A91CB20A4EF4B494D190EA28A298C28A28A0028A28A00EEA8A28A041451450014514500145145001451450027AD436BF35C827923BD4CDC29FA543A67CF707EB59B2A2745FF2CC7D05370334B9F971ED483BD663140A4C528A0F5349108052D03A5154589D05180012060D07A1A3B6280232B946F5AC5B94305C061C0279F7ADC538C8ACDD5A2DD1EE0390285B898C8D8364F634004313D8F4A82D5F31007AE2AC1FBABEB5AA218828A4A503AD51360A4A51DC50452434F4157A550D59B16C71EF57AB37586DB68699707A9C6C9CB31EF9A6B7DDA731C96FAD30FDDFC6A51DD1D84031D28A3BD1486145145001451450018A31451400D238355D3FD6E3B66AC9E95533B66FC6802E0C638A3B8A621C914FA00865386C53D4600C5472FDEA9547CA28014528EF4829477A0029452500D0028A28068CF5A004A33466933C1A00729CD14C43C9A7D050A391462914D2D000294704D20E297049C0F5A04F44741E16B72D36F6E79AED1A33E51C122B0BC3368522DE475C1AE898845F988C56723964EEEC6747A6233334AA0F39E6AA6A5A85A69F190814103B556D73C44B023242C3238E0D70F79A94B78C4BB1C7BD4A2A1164DA9EAF2DC48C5643B7D3359B8565DC5B9F4A6630703E626B52C3489662247CAAF5C11548EA5A22BDBD9CB3F0A081EB5B169A0BB81B724F7AB76FE4C5B628D413D322BAFD1EC42441D97A8A0C2752C73D07855D93241FCA89BC2AE14E01FCABB811ED180B49B01072B458E7F6CCF28D4B467B624303815892A62BD2FC4F0C5E49200CF35E797298CD5A5A1D54E574578E6922E558AE0F6ADED1F5A50C3ED0A1C1E3935CEE31D6852436178C7353CA6CF63D362B3B3BF8BCD58930476159D7BE188A50CD1A85FA0AA1E1BD6594ADBBB1E3DEBB24276800E41A2C61ADEE79B6A1A3CB6ACD8CF15984153835EAB73A7C17284301922B8ED6BC3CD6EC644538F614586A77673FCA8EB9E6BACF0CDC4B060B48597D0D72441CE0F5535D3F86985D0F2B3C8A43924D1DE2325D4418807DA81022F4502A858CED04BE4B1EBCD6A8208C8A0E3D53040A0741477E2940C52E38A4170229314B45003195483C0355A4D3EDE607744A4D5C18C1A4C7345C13673D79E1C8E4CF96A07D05625C786E68B254923E95DDE08079A614523057345CD2326799CB653C448284E2A32B80770C1AF47974DB79810D18C9ACC9FC35138254807D314EE5A91C641B7CD4E9D6BB78A00FA363D14D668F0B94941F43E95D0476CD1D818875C6284C5CC79CDCC7B276078A66D1EB5B3A9E952F9AC429E6B31F4F9D73F21A699A45958903BE69383CD486331E77A9FC6985973C0C5522D2B8DC62940E3AD1807BD2855F5A0761C8011CF34F857748100EF4D4E3357B49B632DDA9C6454DCCE5A1DA6836FE5598C8E6B52A2B6411C2140C702A4ED50F739A4EF221BFFF008F57AF38BA1FE94FF535E8D7DFF1E8D5E7375FF1F2E7DCD346B4D8FD32312DEAA919AD6F137C96889D3E5A83C376E5EFD5B1C0353F8B58798883D2AD6C68DDCE6547CB4114A38A0F7AA2D0DED4628A5A0028FE134521FBA680213C9A91781519EB52AF4A40397A53A9ABD29D400D14A290502810A7EEF1559CED6CD58ED55AE07CB91EB40226520AF1D69EB55ADD89E0D59E8290D0D39C1A51CA9CD20E4528EE2A87D0643C39AB63A5534E1B356D4E453472D442D264E697A500508C62828A28AA2828A28A0028A28A00EF28A28A080A28A2800A28A2800A28A2800A28A28018FF0071BE86A2D13FE3E0E7D4D4AFF75BE951693C5C1FA9ACD9513A1EFED8A07534A7FA51DCD6630141EA68141EA692210A3A5140E94551614DE69D45003702A29E2124657A9C54C2909C52039F8B31DDB23703381568E4B9C74150DFC4639FCCC7DE39A963398C1F5AB8B22C2F73494BD0E28AD4561075A5A075A2920E807A564EB6C05A1C9EF5AA6B1B5FFF008F31F5A6381CA7F7A9BD47E34EF5A6A8E4D4A3BE3B01C678A4A28A430A28A2800A28A2800A28A28013B1AA4FC4B9F7ABA7A1AA530C126802C42726A5EF55ED9B3C5593D6802190FCC2A41F705432FDE153AFDDA000528EF4514005028A2800068A28A0029A7A1A7521FBA7E94011C6793529E86A28F826A6ED41422F5A752503AD0028E86A4806E902819E6A3078352DAB849327A83412F63D0F4F64B6B156621781D6B0B5EF122C20AC320638E8A69D3DEBB69F8527802B8ABF60D3961D4566CCD46EEE25C5CC93BB3BB1E4E706ABB7B1E4D21C9539EB5A9A36986F261953807D288A344922CE91A2BCAE9248A42939C915A5AA5CC567018A1619C638AD1D4664D334ED8846E0BC57152DC49752EE624F355CB71BB336B4370F73993B9EF5E8F66F1F90B8618C57955AC86060C0F22BA1B4D724440BB8F03D6AD42E72CD5CEFD5F3D066A1B8B858D4EE20572B17889C2FDE3F9D4175AD34E0FCC7F3A3919CDCA1AE5D79CEEA0E45725731F278AED2CED60B9B62D211BB1CE6B9CD5E08E1B8654C633DAB48C343A69BB2B1812463F879A8FEE720726AD3A60E477A634608A7C8754657436D66304C240707238AF49D06E9AEAD5598E4E3A579932ED607DEBBCF05DC063B33D0562D5889BD1B3A29A12BF303CFA545736AB756CC8C0138AD3688364FB55545D92907D2B33914F53CD357B06B3BC6523008CE6A6F0D4DF67BC033C1AE9FC43A5ADCB96C678AE5859C967389154E01C7EB41D2A574773730921668C64E074AD2818945CF5C0AA5A3CCB7567B89048C0AD08D369341CF2DC928078A1A900E2810BC51C5145002679A2928A00073DE9776063AD2D03A502B880E7DBF0A6EC6CE43F1E94EC518A41760075CD20EA4638A502969204C825B789C92C80D529ADADF91E58AD261C1ACF9C9DC455266B17632E6D2EDE427E403F0AA33787A324B2B003D315B65180C806A231CD2B6D19C534CD39EC7372E865412BCFD05526D2E604E149FC2BB58F4A99BEF4A40F4C54CBA72C5F3310D40FDA5CF3E92DA78D7E788AF3DEBA5F0C5A6FF009C8E7357AFE182E5FCB58C678E95A5A6D92DA45851B73CD233726CBE8B8033DA822939C75CD00FAD47532B5F52BDFF00FC7A3579BDD9C4921EFB8D7A35FE7EC8F8AF3B994B5C3A9E72C7F9D523586874FE18B72ABE61183DAB2BC50FBAEC0CF4CD74FA445E4D9A9231C0AE3B5E97CCBD603B1356B6296E667634D34EC629A69A364252D145300A43F74D2D358E01A008F196E2A40081CD323EA6A5A400BD29D4D1450014DA752628001D2A29402B529EF4C6191401142083ED5639238E698A3834E84E01140800A703D69ABDE9450871646E315650823839E2ABB0EB52C278AA4635112818069DDA8C71499E29A39D20A28A298C28A28A0028A28A00EF28A28A080A28A2800A28A2800A28A2800A28A2801ADC83F4A874DF96E3F1A998FCA7F2A86D7F757583CE6B3654568744395CFB534724D397EE01EA05340C13598C78349494AB4932451D28A29335450B8A314CCD140AE3B3487914B4678A571D8A1A943BE1040E40AA36CD9503B8AD7907991483DB8AC580F97348A7F0A711168F53462814A3A1AD91218A4A5A31C66980DED58BE20E2CC7D6B68722B17C423FD0FF001A0207283926900EB429C8268CE066A51DF1D860EF4B499C526EA431D45028A005A28A280131494500D1604EE07A1AA738CE6AE6DE0D5495793CD03B0CB73B0D5EFBC01F5ACF53EF57626063EA320502D8649F7854EBF76ABB906400739353818183DA8B0585E68E68C9A33405C4EB4B8A28A2C0DD8314038A05341E48A016A3B349D8D078A52383403224E0D4CBC8A83A1A9D58014141DE8EF4839E68CF3400B9E3353E9F6E6E2EC2F6AAD9E2AC595FADA124A92DD8D4B684F634F58BE8ED2D8C284138ED5CB6F2E19CF5CD4B7970D737059DB23278A8391C2F43DAA6E1144B69099E608A09CD7A0E87609696C646001001AE63C316425B80E4700D7617D38B4D3DDB1C01D2AA3A912671BE20D41EE2EDA304900918AA16F11C6714F71E75D3C9D89CD58DA42E00C574420D98F3D8660E69C242A303B509B9490D4ED809AE98C0C5D443C4C76F5A549985461714BB78A6E047322FC3A94914642B1C62A95C486E1CBB1C9A6A839618E2936904F350A054649155BA91E94C0A71565E3DA49A6AA6074A6E3A1B46A22ACB165335D078427F2EF0A93C118ACA75CA631563426297E141C722B96517B9527747AAC7CA83D8814D96004922880EFB7523D054AE4E0F3583397A942E610F19E39E959375A5AC96CDF2F39CD6F637641E94796BCE4718E9537368CB439ED0BCCB62616C8C9CD744A463359B35B6DB812463681DAB4141083E94912C7D1DB1401C518AA00A28C518A006F7A314BB68C1ACC90A51D293069474A0028A4A33C75A0AD05A290734B4EC31A7A62A368158E4815313C1E2A36708092C31548493E83440A0738A7058E2049200ACCBED6E0B653F30247A1AE6EFFC52D22958C951F5A77B1A4612675573AB5B400FEF9723DEB9BD4FC5A10911B123D8D729737F2CE492C4E6A98C9249E68BDCD234DADCEB74EF12C664DF20FCCD6F41E27B695B6960A3DCD7998C28C29029EB232AFCA79F51417ECD1EB71EA96AC722653C7AD4A2F206C9F307E75E4D06A33C4BC487356575ABBC6D59189F6ACC974D2D8F46D42FA0FB33E2404FD6B8AB7D935F9E4753FCEB3FED9A93A9DE5D81F6ABDA36997773379A1CA8079C8AA4C94923BA49112C80523802BCFEFDF7DE48DD70C6BB29EDE6B6B4F9E40D802B889C93752291F78F5AD13B950B3D884F7A5A186323AD20C9ED4CD04A2976FBD2714EC30A8E43814FCE054721CF14082215277A6C63029D400B45275A31400B451452010F4A6E700D38F4A6953B4D2008C641A6AF0C453A03D54D238D8F4C86C51DE8079A55E9481684525D456E45240793F5A5238A6C3C31FAD3267B16F3F2D267834672B494D1CDB0514B45508052D2018A5A0028A28A00EF28A28A080A28A2800A28A2800A28A2800A43DE9690F7A004C6455663B6E95BE956874AAB7230437B8A8296C74711DD0AB7B0A5CD4166E5AD013ED53118AC9A10A05260D2A9C0A46900A94871428CD149B81149543B0BBA9CA69A169C0714C9D84CF1499E29714632C0522AE2000003D6B1EFE2F2275206371AD8C6587B1AA3A9C5E62061FC3CD344902105334F1DEABDBC998C0A9D79AD22261DA90722949C02281D2AC4F6100CE6B17C443FD0FF001ADC0300D636BEB9B4C7BD48E9AD4E3A30706919B039A76E08A6A073B97F1A477C5680E496E3A53D01C73488B81CF5A78200A061D28A339A05002D37A52E78A4E680B5C28C76A01F4A502804AC1D38A82751827BD59DA306A6B5D324BB93681C67D295C39AC65456B2CA70809FC2B72C3C393CE992A79F515D4E91E1B8E150D2A8AE863B78A14DA800E283194CF2ED4B4A7B091323BD57C16F9ABA6F17E3CC8C63B9FEB5CD370831D0D08DA2EE86D029D4D14D096E267B53BA0A4A5E94AF62F96E0A0B74A992D59BE6C54B6500735AF1DAAAA0047353CC69081CFC9095E714CEA0835B3776EAA848158EC30C455459338D8AECD86A9A3395A825E1AA68795A645C70E94A297140148771AE300D547C97ABECBC55AD37491784938CE7159B1185E58662695410C38E2B5B54D21AC9891D2A9C3186EA2A92D0363B1F0BDA0540E475C1A9FC4EC52D194771577418C2DA2103B0AA7E29C6C553DC5382D4C26EC7276917CA588A9CAE33C75AB5696E1C000D682E989B72C0577C34471CE462ECC8E94DF2F666B4AE208E3CE31542404035AA6CE78CAEC894E4D4980054508258D4C569A6CD5BD06818348412734FDB819A0608E284436465462915462AC240CFD291A02B431C6762064054D269595D4463D47F3A9B67CA79A34B8F3A88FA8FE75CF5168CE98CEEAC7A759F36CBF415313C91515A8C5BA8F61529EA6B8590438C0349CE697A8340C548444F2D4F2697A7149CF6A5EC6922D0EA28A2A86145145001451450014514500145149DA8011BDA9070326917AD39B9040A84C45796E446A49AE7358D62640C10902B7A5B62C0B1E839AE675831C8E6341939AA2E2EC7333CF7170E4B3123DEA030F1915D358E812DC2FCC300FA8ABCBE121B48E338CD16B9B46A1C3326322A220838F538AE8B55D10D996381C56049D781C834D44D633B9A969E1E6BAB7DEB827AD56B8D226B507729C0F6AD5F0E6AAE92085B38AEB2EACA1BA84E40C919A1A1DCF2EDA7047439A9ECCAC732EEE95A1ACE92F692965185EB59073C7AD2B02D4F44D2ADECEEAD4290A4E077ADAB1B18ACD195547CC73C579BE93AACB672A8DC715E89A5EA097B6C1B3C8C0A831A898CD75BCBB2675F4AF3F7903C8E48C60F7AF4CBEB61776ED1F5045723A8787590318C727DAB48B3384AC739B5B24E78A424F4A9E5B5B8872181C0E3A544391CF5A13378BB91819E68CFA52B020D349AD132818F1508C935231E0D322E4B52B85C993814B480605039A602D26690F04D19A005CD2D266814805F5A69385A5EC6908CAD2012DFEF1C53A75E734C88ED6A9A5195A76326C853A1A70A629C034E1C8A0D22F414FDDA68E0D3A9878341324595395A51D0D323395A9077AA473C85A28A2A890A28A2800A28A2803BCA28A282028A28A0028A28A0028A28A00290F7A5A43DE8001D6A29D0341923906A42707F1A5619F97B62A5951D8B3A44C1A128E72735A439EB5CED9334379B73806BA15236E47A564D0D114AE541C1AA666739E6A7B82706A983C9A4916912ACF28EF53C739EE6A9E4FA5019A997C869ACCA78A78606B2D646AB96F2F1419B858B1476CF71464134BD8D2665D468EA4FAD4732065618E08E6A414EDA18524C66028F2AE1E33C283802AC82474E9506A28639F70EE6A646DD0823AD691621C40C51D3AF4A4CFC82949C8AB4262923F86B335B0059FCDEB5A059638D8B11D2B98D735312A7941BA1A2C69496A737393E7301D29446AA3A5382E58B1A53DC523B6D6420E7AD18A5C60D1400945145002FAD33B53FD69A2840851C034F45E39A6A2EE38A900E7028093B0FB6B779A60B8C835DDE8BA5C56F187DBF3601AC6F0E69DE612EE3A1AECD55638C281D0549CD290755DBDA8036AFA52AE15724D67DE6A4A808439238E285B1095DE872DE2F60D3A06E704F4FC6B9BEA081D056AEB93BCF7685F38CD66BE012077A6754559118A146682314467069A08EE4B140D23102AD0D3C919C5162E379AD988A953D2A59D5057467DA5B346DE95A47EEF3D690000E2948C8E6A4E884742B5D283113582C3F78C0D7417240888CD60C9F7CD3898555628DCAE1B8A92DF38A275CF3496FE9546562D2AF7A5080D2AA8C53D5454DC39445518ADBF0F0DB2F1EB590056B68648B802A496AC8DAD4F4E8AEE062CB938E2B8B9AD1ADA460410A0D7A22905706B1357D344A8CCA2AD3D09469682F9B5419EC2B3FC4E0B320F41526832143E51EC7147880670DE829C1EA73D4462D9318CE49E9D2AD4977210429AAB1AFCBC55BB7B466E715DD069238AA46C56F2259B2CDCFE1504F6EFC8ED5D1C30285DB8E6A0B9B12DCA8AD1491CCB467302368CE4521988FBCA4D6B4D64C3395FD2AB35B2F39534292366F4288919CF1C0A9E34216A68EDB2D800D59FB1BE381FA53E631721F63E5E30E3AD59B8B2468898C7354555A2619E2AFC575FBB2A693628B324C4C80834BA3C25B5127B002ACDCAEE52455BF0E5A96BD62476AE79BD0EAA67676F916EB9EB814E278269506100148FC0AE365A183BD2629474A2A4710141EA68141EA6922D0B4514550C28A28A0028A28A0028A28A00293B52D27506801B90391D280370C8E2946318351CAE218CE3AE2A544455D42E8C309553C9E0E2B2B4ED2D2798CD2A96CF34F7632CCE64FBA06466B434CBFB7C79608047BD5C503D0D382DE38D42A8C0A7485514B9F4A689E3ECC3F3ACCD5350D91B469927DAAD223A985E23B98E6DCA3B5711329566C56EDFCCF23B1607F1AC69132C6A923AE9219633BC570ACAD83902BD274F7F3ACD5F396C0FE55E63822518F51FCEBD2FC3AA64B019F6A868B9BB220D66D16E6CDF232D5E7D770186E4A91815EAB3C239523822B82F10DA79739238151615395CC4E0C83D2BB5D0F7C70078CE147515C4E3073E95DAF856559AD5A16EE6A597357475B6B389A3CA9C11D73521557055864D66A6EB4700743CD69A105030EB8A13389E8CA373A3DBCF90C99CF5AE435FD296C8968B0A319AEF3790ACC7B5705E2AD4B7C8D183D322A9237A6DB673C25E48CD2E6A8EE209E6A78A4C8E4D59D296839DCF4CD3A1E32455795F2C71EB562DF95A1226DA9282680714BDA9298077A281450014B9A4A2801734718A41460628B0989101BAAC3282B8A822FBD560F422839E4CAB2280DC53979144A3BD36339148D20F414523018269E072698DF74D068F626B7E54E6A40393515B1E0D4A3AD3472CB7168A28AB2428A28A0028A28A00EF28A28A080A28A2800A28A2800A28A2800C52518A324545C000CD19EFF0085193CE291724E0914D6C34EC57B9FDD9F317AF15AFA7CDE7400E4645674B19753D292C67FB2CFE5B1383CD4345459AD3AF0715448C122B53E5740EBCF1556580B65B1D2A4D22CA9C50052E1813914678E68354EE2E3229D1B9538A69200C8EB48B966A42924D1A50B6529FD2A2B7185A9BB52B1CF6D440334678A5140349682667EA916F40D8C91CD53B36DCA413C015AF731EE8987A8AC4B7052768CFD2B58928B981D29ACC1149247E344B22C00E48E2B0356D5410C14FE555B15185C4D5B5568C1546CF6E2B9B766949727AD2BCC65624927EB4CC8E40A0DA10B09D052039A5ED4B41D29DD0DC734521A502815AC14514828016851CD28EF4E1C500247C355AB188CD74AB8CF35580C3035D0F86AD0BDDABE3806A6E673763ACD2ECD6DAD57000240357002C4E7B52A0DA07B0A64B27968CC7A549CFAB651D4AF3CA4214F38E82B320899DBCC7CE0F34F901B8B9CE7201AB417680076A1337842C72BE215449A300639AC8E30D9AD8F138FDE47F5358BC6DAB46C9E96108CD342E29D4DA7B0AC490CBE5127D6AEC5A9151D6B37AE6819A0DA32B23722BF07A9AB1F68057208FCEB9E5623B9A9965C26326A6C6B1AD62EDD5C920806B3B3B8934A496A72A7146C672973320957E53515BF0D56A45A85461A8B976562D20E6A4514C8791530E2A449080569E8E76CE33541455BB0389C54B0942E8EA91F2334121D4823355C37C839ED5207F968B9972D88ADEDC4172187739A5D561125BB1EA40A977F7A59312C657DA9C1D9994A3739B8C6D600D6BDAE36E2B36E90C5374E33572C5F239AE8526D1C55A367634238F27356A289583038A8631CF156E24E28BB472F210B69A9213902A36D15307815A48B5281C52E76371D0C1FEC95472C00C53BC955C8C569CD819AA6C464D6D19B3925A3332E6C039C814EB6D259D7915A031D4F6ABD6B2231E3154E6EC552D59CDDE69ED10DB83D7D2B4F40B2F289908E48C56BDCDAACEBD8D3ADED9605E3AD73CA77476A5644B9E714D97A714E278A61E2B16C7B8CED47AD27AD2D4F42E284A78A65397A9A1142D14515401451450014514500145145001499C0CD2D267009A00663702C29AD0798A734F1DD8F7A6CF288A077271C510D58B639ED7275B4876A9E58E0E2B9FB6BC78D8B86EBEF4FD5EF1AE6EDD72481CD6781B6BAE14EE3BA66E47AC4AC7EF56C58F97756DBE565DC73D4D71AAE077A9E2BE78C6D0481F5AB74C5645CD71228D888F079EC6B9D933826AECF706427249FAD5564DD9149C0DE9CEDA155C7CCA7A722BD27C26DBACF07A579C3AE07E22BD13C1FFF0020F3FEF5612560A8EE8D9BC4C3923D2B90F13DB8F2CB019E2BB69D72A4D733AEC79B47C8AC96A8CE93D6C79DE7E661EF5D0F856E0C778B1E7009AE7A51895BEA6ADE997261B9539C0F5A868EC92D0F58F29645524678EB4E48F637B557D3AED66B44DA72702AE6428EBCD091C36D4CED66EFECB68E41032335E5D7F72D3DC3B75E6BACF15EA81D5A256E4022B88DDBB27D6B589D34E16444A0B1639E94E0E4669077A6E2AD23A53D07E726ADDB9F94D525EB57E01F2FE14AC4344B9A314514890A28A28013B514EE28E28B85C6D20EF4BD294722806822FBC6A7EC6A18BEF1A9E9D8E69684120E0D47175353CA3E53502704D2B0E0C9298FF74D28EB8A43CAD2B9D1D07DB1E0D4E2AAC270C6AD7A534724B7173466994551171F9A334D14B405C5CD149450173BDA28A299214514500145145001476A28A80194A0D2F1DA98C71400E18EE78A4C01C834C58DEE0F96B9F5AB7169ADB70739FAD2BD8122A875CE09A8AE4C6079A0F22AD49A44BCEDFE750B68F7046D38C7D6A5B2917B4ABF49A3D84F39C56838CA902B9D82CA6B1983370BF5ADEB794491E41E82A0A1AD6E08E9CD576B53938ABC0FAD2800D50D4AC678B63DEA54B7C64E2AD607A5281415CF7431576A914E439269714631CD064DEA14514A3A502BDC630DDC1AC2D40FD96E4CBD066B7C9C66B1F5DB669AD18C6390093445971473DA9EB3BCB2A9EBC56048ECF92C6A52A4928E4EE5EB51303935A5EE6F0811920714D0A7EF53B0073DE9324F1DA82ED616994A4E383460819A077B077A51DE9297340C4A414502801C3BD2D20EF4E1ED400B8C8AEDFC33005877E3D2B898F960A7D6BD0F428F6590047240C5418D466AE720D54D4982DAB0079C55CEE00ACAD565C7CBED48CA3B94EC81C3B1AB40D476C0084FB8A9547141D4B6396F130FDE47F53FD6B0BF8456FF0089412C8C3A0CE6B0010CBC76AB8942520E94B494C03D6931C519C669C31490E2C1475A7629531CD2E467141481462A5538148801A78141490C2320D42579AB182073C534A1EB526B08B62C3D6AC2AFAD4310C1A9D08EF48E850561EA38A9ED8ED94546A4629F1E44991D2A0CDC4DF88E507D2A4C8DB552DDF282A42C6821C4B0AD918A5129538ED506FA7E463DE8899B8105E5B8910B81C8154A02D1B60D6BA152850F7A824B50412839ADE0F4396A52BB2DD9C81875E6B42360335CF279B0364F4ABF6D7E841049C8AA6CE6953B1B08E29F9E2A8C5728DD1AA6F3947258549838D825E7354E4DAB9E69D3DE4601F9B9AC9B9BF5C9C3574452B1C9385D9664B800100D564D41A393683DEB3DE7790FCB939ABBA669D35C4A18AF1D6893490E946C74BA75CB4D182DFCAAF30239ED50C102C31ED03914F2C71835CCCE912909A334DACCA484A2940A420D32D00A70A6E29C3A5421A62D1451560145145001451450014514500149DA968A0067DE3B476AC8F105D182D8A2F53915B2001B8FA572DAC39B8BA68D8F0A79AD292D486EC73472C3CCE79A6115A3771C69180BD41AA071920577C236467CC461680A01A71523AD0109E9540A446C013C5214E2AC2DB49D40E29190F4C7352F62E13D4A13A600FA8AF40F092E34E27DEB87B85E9C7715DEF86176E9B83D735CB50DE4EE8DC931B0D73DAE28FB1BD6F31C2F3583AF38FB33AF735CC4D15A9E6F723F7AFF005345A27992041D49E29D74313367B9A934D18BD563D0523D092D0EEF4576B68D164E840AD6D46ED6DEDBCEDC3819EB551EDB758A3A0E428AE4B5CD6646436FB8F0314D239146EEE626A976D717329CE4126A80E0114E2DB8B13DEA326B48A3A6286EEC1C52E79A691DE81C1AB2EC3D7AD5E80617F0AA518CB7157E3185A44B24A28A2A480A28145002D14514008B482956905340C745D6A7A822EB53D08E698D6E54D563C355ACF07D6AAB8218D0C501F8E09A00C834A7EE520E95274F4189F7EAC8E4556CE1B35650829548E692D433466978A38A2E677053D6973483814B9145C2E19A28E28A2E173BDA28A2A890A28A2800A28A2800A28A3B540083039350484C8DB53D689A4CFCA3AD5DD36CCE7738E2802CD9DA8488391CD5A5E294F0768E9456527665476179C53704F1466941C1CD4DC0827804A8C3BD67DB4ED05C6C7E066B581C373D2A86A56DC79918E47A5161DCD042AEA08EF474C8AA7A7DC6E5DA4F238AB8464D58094FA6670714FA004A4EB4EEB4CA09687D3474A753474A91313B1A8678BCC81D7D454E78140C6307BD24CB8C8F37D5ED8DADD36060138ACE66AECFC4BA78705D57A1CD71AEB826B589D54DDD11F6A67434FC714DC559B0D6C134924800C669C47355A73F362913CA4F1F2334E351C4309520140AD6169052D20A0078EF4E5EB4D1DE9477A0092019947D6BD234A5FF00454FA0AF38B5FF005A3EB5E95A57FC7AA7D054184D9709EF5977B1798735A87A1AA770000735244372947F2AEDA0124E052918391480841B8D33A96C60EBCB91CD7340601C56F6BB701DB6835823A73571189494B494C04CD0BDE8A50292121E94E51CD220A728E683489220A900A6A0A900E28348A10A6E151ED2B53AAE149A7D941F689B6FBD236725157215E06307F2A9113D6BA98BC3D1B43BBBE2B3DB43984FB429C66A0C3EB4B63317A600FD29EA0835D347A04621DCD9CE2B16FAD7ECF2EDC50553ACA6EC4B68FC55B06B3AD5B1C55D56A96740EDDEB4E5351F734F5A84C9B12060054A8DBBAD4229EAD56A5633946E4CD086150359F75A955CD3C3126A948E6940A7E54A9F749FCE98CF718C1CD6B205239029EA22EE07E55699CB281CF486E1F231CD361D3E599BE706BA5586063F747E5561228547007E55AF3D918CA999767A12F05874E6B661823806140FCA9036DE074A5F33D6B373B931858984808E94C639269BBB038A507E5350DDC2D66266941A3146281D841DE9D4D1DE9D502194BDA968ED4D1485A28A2A86145145001451450014514500149DA96928022958AC4EDED5C65D4ECD7B2B0E86BB2B8C7D9E43ED5CC259895D9C8EB5B51DCE79B322524839AAA0804E6B66F2D028200AC878183102BD08BD0C13BB1AC41E94E854E771E94E4B6663C8AB6966C5318ACEE6F6B22DDA889D3071D2A0B9B650495A6A4524479CD2CB21C1149BD021B99ED16F95507A8FE75DDE8F188ACC0FA5723A7DBF9B798C67BD7696EBB62DBEC2B966CEA4AE89F39526B07C4242C0C3DAB6C3011B0AE57C4775946506B9CBA4ACCE3E65DD2B1F7A7D8605C2AFBD2C303CD21006726B4AD349921984AE080299DB25A1DAF9EB16989B8FF08AF36D5E50F76EC3A64D753ADEA212D56346E8A057192664762DD49A713284752023B9A8F15311818A8D875C56F136486763494EEC69BDEA86C9E01F30ABC9F76AADB8E956D7A56464C51DE8A077A291220A5A414B400B451450022D2669569ADD29A063E13CD4FF00C355A03CD59FE1A11CD31A07350CCBCE6AC639A8A61C50C983D48C1C8A51D29A9C9C53877A93A96C478E6AC47F76AB9EB5662FBB4FA184D0B45028A57300A074A281D28B80A3BD140A28B81DF514515A08323BD20049E3A52E01EB416C0C0A0101A4ED9CD0BD72691D9464E78A0690B91DEA391F00E3934D3771FDD18CD096F24CC18038CD4361624B1B5372FBE5057E95B48AA8BB07414DB785634C01CE2A41D6B36C2C281818A4C519C9A5C52DC04C1A4E718A75277A2C50D604AE290AE50A9E454945160312290DADD30EC4E79AD8470E81D7D2B275288805D47229DA6DEEE428C791C522ADA1ADC139FCE9723B1AAF1CE39527AD48AD9EF54459920345373C7028E4F6A4161C3DE9010050B9A4C0A44D809CE3DA8A3DA96A4A5A15750B759ED9D4F5C1C579E5FDAB5B315239CD7A670783D2B0F5CD192E14CA8BCF5E05545B3484EC706B9C12DC0A671938E956AE6DDE1728CB802ABE00E2AD33A22EE44475354A539939ABCCBC1AA121FDED59A5CB519F96A4151C5F7454828245A29296800534F5EBCD462A45A0092360B30C57A2E8B2892D179E4002BCE146096F4AEB3C2FA8E488D9B8CE2A0C6A23AC19C9A8278B7826A7CF191CE680720E7BD2304DA6664919504554BA6C4248EA05695D00338ACBBB19423D452474464DA39FD46CF7406624E719C563601507BD75F7D00FECE3C7F0D7224152C076AB5B16AE478A3A52F6A61AA29201C52AF5A68EB4E1D681A44ABDEA45151A54AB48D121E94F038A8D7A54D1819507A122A4D5688230CC4AA826A7B40D6B70A5863915D0E9BA6DB95DFD78EE2A8EBD1C713623EA31D2959EE67CDCCF94EAF4D9D25817072702ADEC8B76768CFD2B8AD1B57FB330591B8AE9935880C7B830E941E7D5A334F42DDD3AC71122B8FD567F36E3231803157EF759133322118ACA9232C49E4E79A5D0EEC2D171D5914248357636C8AA3F70D5885F3507A162D0EF4F5E95129A914F5A08687834AA79A60EF4E53492B9932643EF52A727AD42A78A950D52463244CA7229CA714C53C54882A8C1A255A7AE79193518A912833922453D69E141E734C1CE29EA79A662DDB61E3A52F6C50B4628237168A28A062629314B9A3340AC252D1CD1CD20B0B45145318514514005145140083BD379A70EF494090678A33F2D276A3A8A03A10DCF16EC07715956AB842319C0AD79FF00D430F6ACDB100B303E95AC24918CA0D914D66254CF393D4567BE96C189DB9AE8922C13C714EF2979C815BFB4B2328C1A673B1E9CDFC42AC240235E5456A4AA30700554719278ACD4DB669CAEC536B3F37381F95559EC1E3070335B10B84EB8A998C52F40293933A2942FB98FA3DA1590C8460F4ADF5600E73DAAB468B183818A76727AD6126D9D3C9A0B3DC2C48493C571DAA196EEE0AA0C826BA5BD05E22B9E6AADAD8AA3EE719FAD4A2E11B229E91A3AA2EF90107D2B4751291DA32E002071815689555E00005656A2E667DA0F18AB491A6ACE4AF2E249662ADD01C55265C13EF5AB7F6A6225B159C7073568B8A48ACD51119CD5865EB51915698D10918A6AA92D8ED4F618CD490A64D36C52D09E150A3353291DE9234CF157EDAC4C9938E9595EC28ABA2A60D1815ADF60010D66DCC461634AE4B8344545203B866814C8B585F5A41DE97D69077A63419A6BF4C50283D0D026C75B8C9C9AB2BCF155ED873530F5A0E590A0E334C939434FEB4C7E14D3263A15E3F958E29E0E734D5E18D394706A4E983BA1A7AD4F1FDDA81BA9A9E33F2D52D8CE63C74A29334B9A4738514668CD0014519A2803BEA28068AB1256100F4A4FB992694771EB55E59086F2C7249C540D2246937E40A22B29A5E79C1ABBA7D9796B9719C8EF57C285E14002A5C80A10E9310E5B39FA55E86048C6171F953D69C3A54DC0683834BBB0293146052B9400739A51477A050805A4EF4B498A601451C518A00AB7318742B8EB580FBAD6E383804E6BA49573CD636A701209039C566691D49A191994367B54CB330EF59B6331506363D7A55DC55234E52D25D0EE6A54B80D9E6A8023A52E48E84D521729A62418A51CD66AC8C3B9A996E36F539A5621C4B78C53B1EB50A4EADD706A65C30C8E6A6C64D31BDA9CABF290C323DE940C034942D085A189ABE8497485E21CFB0AE36F2C1AD1CAB03C57A77F091DAB2B54D2D2EE12A106E1CE40AB4CDE12B6E79BBF4359F27FAC35BBA9E9F259C8D9071EF58722E5F70EB568EA8BB93C7F76A61D2A280E579A94FB5306252D18E28C50020E94BDB8A5F5A40684087A92063D6AEE9D726D270D9C0CE6A8A9A915A95852573D274BBD1736E0E470056870066BCF747D54DAC8119BE527BD7736970B750AB2B76A9B1CB2562B5DCA1720D55650EA3DEB42F2D4CD19503071D45642BBC2E637180A7009A48A86E25FA7FA3328E98AE36E06C95D7DEBB7765961700EE38AE32FD365DC99E39E0552D8DD32A9A61A79A61EA69A348883AD2AF53494E5EA698BA9225489D2A35EB52274348D11225483A71D6A34A901E291AAD8BF67A94D6E0A127A7AD41733C93CBB98922A00734F1525D2859EA38E011938A9848FB70AC71F5A80106A4078A47438C49E0EB924935717918355AD403DAAE05E2A6E1756B22BCB0E4135146761C55DDBC5579612738A4089D0E41A954F5AA50C9B4ED3DAADA1DD9C1A04C9452A9A6A90060F5A728A1193255E86A44A8D0715220A68C644A86A54A892A64EA6A9183241522F43512F5A907DDA6632244A954726A14CD4ABD4D239D920E946681DE9698828A28A0028A4EF45002D14940E9400B451450014514500145145048829690525034069A0F34E26A3EC690D08DF3EF1ED59B10315C30AD20C064773504D0EECB01CD5463606AE4EAC36FD69858D548EE3C9243B71EF4E17911EAC0558A285918E0D5591C2824D3E5BA8B070D5997373B98AA9E29256358C6FA04B744BE01AB968E48C9354AD212CD92322AFB15418C0149B3A69C2C4BE651E660557120EF406F7ACDB37E41CD963D29DBB2BB7BD460E3BD3412A49278A498285874B2848C8CF35461F9892DCF34FB87DE719E29A840E2AD30B14354843A120573AF1ED623DEBABBB1BA23815CDCD19129FAD5A65451499739A888EB569875A848EB4D31A8D8AC4738AB3047C52227CC0915676E178E29B6672DC742A3CC03DEB76D502C5903A8AC7B28CF9809E79ADF8C6D40315949E86D4A376285F9493E9585A91CBB01EB5BAE18A1E71915952D81772C49C5445B359C5194A3031455F9ACF60240E2A9100122B48B38A4AC27AD2529E053455A3340B41E869698F412D925B8E0D4CA7AD4508C0A945073498034AC3E534DEF4ECE41CD1D0989587DE34F514C9382714E53C0A47553D86375A9A33F2544F5243F76A96C44D0F1DE9681DE8C5239828A31462800A28C51401DFAF7A4EF4ABCE714990491E954C488E46D884FA5269D6ED772798C0E07351CA7CC915179E706B6ECE01046020E08C566D8CB031B768ED49D68C60E452803B543600334EE6939A4E6A7518B45446E220FB0B0CFA549914842F7A052679C528AB450B45145300A28A280187906A95CC61C10455D046704D453A80858566541D99CFC9134736E1D01ABB0B965E6870AC4E4F342A6071D2AD1D31774388E68078140E6803039A1075141C0A69CD29E2901A7615872B15EF56EDE7EA3354F1CD390953C5221C6E6A86068C55386600E09AB6181E454B31946C38734807269460704D0DC0E3BD344AD0C9D534B8EEE26C28CFD2BCE356D364B39DB20819AF5CDA31CF7AC1D7B4A4B985995413F4AB4CD612B1E710B03D2A7A49ED1ECEE0C6CA569DD467B55A3A13B8BDA938A5041181CD330734587617A514520E6810AA69EA6980538628043D38C9CF4ADED175A786408EC719EF5CF0F5069EAFB0673822958892B9EA96F70971086420922A39ACE39971819EE6B8AD0F5E30BED95F0A0F735DBDBDC47708B246C18119E2A4C6CD189716735BEED80906B91D49185CB171B4935E9C515C95201FAD715E29B2549B7E368CE4532E32E87364530D48064134CC1E69A378B1BDA950F5A69ED4A9DE98FA9283C5489D2A215229C0A469125438A78351A5483A54D8DA23D69D8E29ABC6694E3148BBDB6101A901E2A0CE0E6A4522A19AC5DD6A695955E238AA5600919C55FED49132496C317934A5411D29CA00A523D28126519602A4B01525B390706AD6D0C306A1784AF2A2806CB00679A728A8239186037156530684436394548A78C53546339A91075A663263D3A54ABD298A29E3A552306C7AF7A954546BDEA55A664C720A940E4D4718C54A3A9A460C72F4348281D0D20EB4C943E8A28A06277A28A4C5002D03A52629474A005A28A2800A28A2800A2928141014DCD3AA1691549C9C50521C693B7348AC18120E690F535238AB8C61DE94382A452134C3C77A3999B4608864B70F9C9AA72D8312769357C92475C542588CE4E69A91A4608A234F61D49A7259229C9E7EB561DC91D6A32E704669F35CD230B31C02C630315048777434A5B39E6A2DD8A46F142E31403EF4DDDC5266A0D521FBF8A4964C2714C24773503396240E45343B0A8D92734A0609348806314A1B823BD512D0B22EE435817B1ED72715BDBB8C1ACBD423EA48E2A93048C765C8A8B6735608EB9A1533DA84C762258F03A5480605480601E2984715573196E5AB12A1F9AD90C0A8DBDAB9B491A2E7A53BFB58C7919CE6B3B5CDA12491D0B303C50C17675AE7E3D55DCE7FAD39EFE43D09A144529A65EBA91445B7238AC663990D4AF3B37535100339AB4AC60DA62B0E29A3A9A713C5347534D19B014C614F1D29A48CF34C87B13442A4A64438269FEB41C9210F7A4EC6971D693B1A092BCDDCD2A938A25079A45E948EBA4F415CF5A7C3F74D47277A920E94C5509474A281D28A0E50A28A2800A28A2803BD2DFDD1D687F9232DDCD21923418E0E2ABBCAD330400E33436112C69B099A677238EB5B6176C781556CA11140A40E48E6AD8391CD66D94C55E8681D2933C6052AF4A0801DE90F434A3BD3682919D77198E5F37DEAE5B48268F7532FD37DBE40E7350E98F888A9F7A4517873CD3874A6A743F5A70E94098B45145300A28A28023C734AE374656940E0D11F7CD24073F70E63B9C1E84D59421978A6EAB08199476A86D1CB474D1D34DE84E0E09A14FAD29EB499519268437B8A3BD29E9C54524EA060119A6452163ED4144E3A734E069A3A51D2801C0E0E4F6AB30CF9E0D54F5A729DA78A19125735108619A0E7A556826C8C1356810C322918495809C0A4645950A9A711918A455C77A9E86671FE22D1092D3A2F3EC2B8F4DC92146E307BD7AE5CC2B3445180208AF3DD7F496B79D9D178F615AC5E874426640054E4507A50AF91B4F5141A68E84EE84C719A414EC536A886B51477A2928A450A0E2863953498C8A69C806802B195A3638CD751E1FF0011188AC6E781C726B94761B88C52ABF96415E0FB526896AE7B25ADCC77081D18124678AC5F12DBF990331192A0915CB685E247B695525638CE3935D75DDE417FA6C8EAC09DB9C51632E5699C0E4AE45349EB524F857C7BD47C628368BB0DCD03A52F6349415BB1EBD69E94C5ED4E5E94151264152A9E2A0534F56A0D51286A5ED5186A70350CD62C461F2D0B41E45203CE282B98DBD38652B43154B4C19415A1B4FAD4342B8C0A294014E02940A42E623039A7EDDC29C1452802825B2078782475A222CA7073561473ED4BB013C0A689B8B1838352A01CD222E053D1719A0CDB1CA38C53C0A14539475AA462D8AB52A0A601DAA45E2999B63D2A41D4D31475A78EA691831C3A503AD03A503AD310B451450014514500145145001451450014514500251451599202ABCD1EEAB029A40A0688A31B16933D69EDCF4A8BA668358899EB51B1A767AD44C69971063C540C7935231E2A163C9A46F11AF5093D6A563C5427A9A0DA284278A66382696933C506E90DA4A3345050C90ED426A0898F353B8CA906A08861BDB34D20BDA372C5BDBBCA780714F92CE48B9C1AD7D263464E833572EAD1654214735A456879F3C4D9D8E5C104F3546FC6E4207A57429A3B1724E719F4ACED5EC0C31923D2868D69D7E6D0E67664914E09B4549B4AB1CD0D822A51D1BA203D698C719A7B6066AACD275C1AA466D0D964C83545CE58548CC4E6A35196AAB19B56458806054E3BD322184A7A9E6990028F5A077A3D682589DA994FA65301F9E299D4D3A9B1F2D8A44C9E8594E1297D69A3814E1D0D0713DC50693BD03BD1DE80219BEE9A6A76A74E3E534D5A0E9A635FA54907DD151BF4A920FBA2809928EF494A3BD25073852D251400B45251401DFC56124AC589207A55D834E589B73004D5E50AA38149CFA5657120038E06052F40452F18A4E314AE3100C1CE69C7A9A051EB422500EF487A1A51DE93B55148648BBE3643D8139ACEB26C5C18FD33CD69E3AFB8AC91986F49F5A4346B0E0E29C2917919F6A514C05A28A2800A28A2801B9C527D28A00CD4AD89296A31F9968E33DAB1ECEE234631B301838ADEBB5CC0E3DAB859BCC5BE6018819AA47452674725D46993906ABC978CE308A4FB8A586C965B7DDB8138AB315B471A00304F7A66F629470492B6E2C40F4AD08210839E69EA1474029DD7A52109DF8A4C52D14009B68E94A3A518A00746C579AB90CD9E08AA20E2A447C1E0D163392B9A20EE19CD2E4E6A186407BD4C3045239E51101ED59FA969E9770B0380715A1F779A5650C3DA8428BB1E51A959BD95D30C161935009323815DE788F4659A069114671D8579F48A6D5D95C11CF7AB5B1D3095C947341F4A89251F7BB539583B673C55A365A8E028C5271EB4B9A02C1B707AD0E46C3499269AFF0074D0162931018D34839CE78F4A1FEF9A4CD38AB8D21C4E47CBC11DEB42D3599ADA3319258118ACDCD009A1C47CA689B9FB436EC6DA7F6C55381B04D5A56C8352D116B0A38A17A1A414ABD0D00850714F0D9A65397A522C7AB53D5AA256A78A06992A9A70E6A256F5A914D2B1698E238A403BFBD2E7229A3A607AD4B45DCE8B49198735A3B6A8E8EBFE8F9F7AD40BC52B12E4421697152EDA36D413CC4214D3941A902D3828A05CC461734F4000E05382FAD382E2825C8454F4A7AAD2A8A705F4A666E4228E29EA3142AF14F55E29A33B8015222FBD35464D482A886C70E01A55E29BD69691931E3A503AD1DA85EB4C05A28A2800A28A2800A4CD2D250019A3F0A29077A005C9F4A40DCD2E4F7A30B8ED400991D8D28A68C0CE29C2B3244CE29BDA9DEB4C340D0D34C6E734F634CF5A0D62464715111529E9511E941AC48DC540DDEA76E950375341BC50D3C0A84F5A98D4468368A23269952629941B450DCE293B529A4E8282EC4721201C546A7D69F236149A601BC669A761D938D8DDD1EE0038ADD5E39EC6B8DB4B9FB3B67756B47AE285C13D3DEAE278F5A836EE8DA7654049205735ADDEA1528A01A65F6B6ECA4213F8550B6B696F9C97CE09EF4DBE8551A7C8EECCA90839205576902E6ADDE4124123A90700D66C9924D248EF8BB8D9242C4802A9C9D7AD4E4E0E2A073CD52436424605112E4FD295B9A742BC9AAB18C8B09C2E281C1A17BD18A6663877A3D685A3D6910C29A4E0D3A9B8E681037DDA48465C9CD0DD29F0AE39A089BB224C76A5E83145141C77B8014538534D032397EE9A8D0E6A497EE9A893BD074D30639E2A484605467AD4B0FDDA02649DA9334BDA92839C33499A4A5C50019A28C51401EB4AD8A527D052118A327158090AA4F34B8A073498A7629883AD3874A68EB4E14D000A423834A4503A531219D2B36F976CE08EE45691E9F8D52D4E362030EC4521A2E427E403D85482AADA3168F39E9C5591EF4C0751499A05002D145250036957A51814A063A504BD48AE17313571524464BD900EA1B15DBC9FEADAB8EDFE5EA8E3A65A9266F4B42E584ACA5A276E8715A01464F39ACE963F2A412018CF39ABB136F4041E69A3A9AD09B68A4CE281D39A4C64F341000E79A5A07B74A280194E1CD2D2000558BA05005149CF6A43268A5DA7157A37C8ACC031CD4F0C841C13C54D8CDC6E687DE5C0EB401C60D3236C8C834F04753D6A3A9CF6B319220954A30EA2B85F12E8257748838EB5DEF19271CD41756D1DDC2CAC01AB8B2A32B33C7590A0287A8A457280FAD753ABF86A44919E252075E05733716D2C2E4329C8EE456899D31770594F7A91261DEAA904704E28C10339CD32D16FCD53D39A4661B4E2A9890F23A5383311F7A9D8A4889BEF9A4C52B7A5203C535A0F96C0051DA8ED4738A6D8D31F1361AAF44D9159CA704D5DB76C8EB50C86C988A5078A01EF498E291298E06954F149CD397A503B8A0D2834CA5A0771E0F5A7A1E2A253CD3D4D21C4941EB489FD69A0D393FAD432DCAC759A2AFF00A2FE35A78AA3A12836BCFAD6A6D1E94193990EDA4DA6A7C0A3029585CE4416942D382FB53957DA8B13CC355314E0BC5380A5153625C86AAD38714629E89D734D222E228A90501476A506A857105394714000034A2910D80EF4E1498A5C53218B8E28039A4A17AD0171DC7AD28A4F63483AD04A771D4519A3341570A6D1D73464104D4B64B760C500E2818607154AEF5186D01DCC09FAD09DCB8A6CBA580049A8BED31838622B9E7F10A4B26C128009F5AB71C2B70A1C4EA335495CA7068D80E8C32841FA53B38AC77736433E78607938ABF677697117CA4123DE934271695CB18A4A9171B48239A8FA71536213D461EF4C3D4D3CF7A611D691B4461E9519F4A79F6A6914CDA2885BA1A81FA9A9D8542E39348DA2467A1A61EF4F229B8E7141B4591E69B8A711498A0DA2C888A6E6A4614CC5068B5209B1B0E6A15908185A9E51F29148B12E338A09D53203B9A944448EB53AC63D2940C534C2EADA9125B67935B1A6BC708C7159E338C1A913E5E568D4E59C53D10BAE496FE5B118DC45724E72588E95AFA9E5813D6B181C022B48BB9508D9588188E6ABB77A9DF19AAEE7AD5A45B76430F06ACC0BF29AAC83279E6ADA0C0C53673C9803CD2E78A306979A445C074A5A31498A042628C52F14D2401C51701ADD7353443E526A15CB1E6AC20C2D06137742D028E940A0E651D4514DA5EF49DE818C97EE9A8A3EF53381839A821EAD9F5A0E8A6C53D6A58BA544DF7AA74036D01363BB5251462830014628A2800C51451401EB679149F7549F4A3A0A46E633F4ACC64315C6F91973D2AC0E95996A76DD4809C67A569AF039EB400D079A51483A9A750480A5A4141E940D063926A29D43C073D454B9CA6475A4C028568199DA64BC18CF5C9AD0CE7A565A0F23502BD148EB5A719C8CF6A0070EF4A3BD1818A17A5002D252D2500029BDCD38537B9ACC85B8927DC35C95EDB3477DE681DF35D7900820D645D40AF21C8039EF5A1BC0AD2A79D6A0F702A3D3E4C1746EDC55B8D02295ED59E0F9574DD813423A53BA34B3F953B1C6698A7280D3D7EEE0D021A3914B46314500145145002526714B48066A805CE4522E41E29B4F14016229B68C66AE46C1875ACB1D722AD433638CD43461245DA02ED1C1A646DBC75A78523F881A118DACC6346B2290C320D63EA1E1DB7BA5242804F7ADBDC00E9480E7A534CB8C9A3CEF52F09C916E68FB7A0AE7E6B29EDF21D4E07B57B1B44AE0AB8183591A8787A0B95621464D5A668AA1E5615493C631EB48538F94D759A87849D18B46BC7B0AC0B8D3A7B6620A1C0F6A699B466501F275A6919E454EC831C8C1A8CAE3B554596A57198A3B1A52299CD32D3418AB36EF8C55603D453E26C1EB40AC6903C0CD151C472319A917BD4116B0A3BD28E9494034085A28CD19A005069C1A980D28A9B22A2C901A7211B71EF512F15229F97F1A4D0DB3B3D00FFA31FAD6D2AE6B0FC3C730633DEB7BA0A473B6376D1B29F83EB4004F7A09B91ECA5029F8A31405C6638A1529E1734EC014008169718A052D04DC6814B8A7014EC522468EF4A052D00532451DE968ED450021EF42D07BD0BDE82506681D293914FA02D613346692971DFB501702698540C914EE993DAB36FB505810856C9F6352542371352D456DE26119F9BDAB84D56F6EA776662D8F7ADB676B890B39C8CF4A866B68A4054AF069A476D3A68E484AC8F9CE0D5E875BBC8C6D590802A7BDD25002516B29C18C952A462AD6C74AA499A52EB773246559C9245743E13BE6672AEC7923AD71438249E735D5F8494BCDD31C8A9673568248EF5B39C8EF4DE706973B4A8A0FDE38A470A566444537B1A908A61E86A0B4C8F1C5308CE6A5C5308EB48DA2C8596A165EA2AC1151B2F5A66D16572B4C239A98AF6A61141AC590E29B8A948ED4DDBC506B16446987A5485291978341A45951FD29C3EED3587CD4F0A31403902F3405A728E2942E05348CDC84514F0314805380E2A8CF98CCD4D7084FB573ED919AE97545FDCE7DAB9990F26AA252642E79355DCE7A548E783500FBD5A21BD89A15AB20714C8946DA701CD0D9CEC7514515248514526450014C6A7D31BAD213761D10A9474A64438A929A39A6C281DE8A077AA32414D3D69DDFEB4DA04D6A0FD0D431704FD6A67E01A823EF4237A7B0BD5BEB53A74A8072D530E86809B1734668A2A8CC334668A2800CD1451401EB63A1A451C35283C9148A3922B0032A63B2F149E84D6A83BB91D2B2F505DB286F7AD0B57DD6E1BDA801E3EF3528A17A6EF5A3AD048A283D0D029681A1AA30A6917BD3BB629178A43466DFAED3BBDC55DB77DF0E0545A847BE0E3B1CD47A6C99254D3132F0E0629477A4FE2A51DE818B494B4500339A39A55EBCD0CC00ACC5610E029359B7472E71DAAD493F040354643B89AA46B04228CA1ACCBE5C4D1FD6B4D7815435200321F4A68E84B42E45CC6B523F2CBF5A86D0E6053ED531E706980E3D4D25068A0028A28A004A28A2A8028A28A0051D29071483AD2E01153625AB96609F6F00D5D4208E0F5ACA5E2AC4339C806831940BDDA9052472061D69E077A932B586D3B3C537EB474A1305A085430208E2B3EEB4882E41CA824D69727814041D6A93294AC7157FE10C92D1002B9EB9F0FDDC25B8240F45AF56E4F6A8A4B78E6055D41F5A69971A963C6A4B578890E873F4A8F6E41C022BD52EFC336936484193EF58577E1103263503D2A948DA352E70C15B1C9A6ED02BA0B9F0F5C4409DBFA564CB652C64EE53F9534CD39C4B7917918356948C702AA47F29E548FC2ADC722F4C1A057B8A01269718E29D82791460F7A006814B46290F7A005A051DA8140D011C53B3B40C5263229A873906A46CEC3C312EE4209E735D328E0935C2F87EE9A1980E719AEE6095668C1079C54B39E43C60F6A5E94A1714B9CF148CAE47D6969D8A314C2E36940A5C51481B14014BC520A5A09B8514668CD315C281482945031D40A29474A00414B482968121829451ED45225B136E78A339F9694F1934C04229734C6B52BDF5D8B68C807922B9F589A776CE704F7AB57721B9B8DBD40A9A30A83007205095CE9846C575B1551D0669BF62C9E95782923340214114EC7445B464CF6DF295C573DA8E9C412DB6BB39230C09C5675F5B068C8C76A0D948E11976961E95DC7846DCECDF8F435CA5CD99173B70793E95E83E1BB5F26CB918245073D69686C6371FA514E518534CCD49C37D4434C229FDA9B8A82866298C3AD4B8A69148B8B21C546C3AD4A4534AD06B1640569857353914C239A66B164256998C54E47634CDBD68344C8368EB4D751B49A9B61CD57B860AB8CD0691655EB2605481702991AF3BAA4CD5450A4C5551834B8A414A2A9232720028029CBCD285A6919F314B5119B56FA572731FBD5D86A0BFE8AFF4AE2EE1BE761EF55146B16425B0B4C4196268738E29F0AF19AA2DEC4EA3029C3A1140E942F04D498B1D45145021BEB477A5A31C50000F06A35E4934ECF18A58C734112762441C1A53C9A070285A11C92603AD28EF483A9A51DEA8942500F34526706914129F94D574E15BEB5348783508E10D346D01F1724D4A3A1A8ADFA1A90719A099B1D4514551014514500145145007ACED39269CA3049A28AC057296A11164DC3B734B60D9B551DC8AB13A6F8C8F6AA560D899E23FC340CD00084DA7A8A14607347A9A14F140AC2D20A5ED42D02128FA1A7520CF34026C648BBE365F6ACCB73F659C87E73E95AD90073546FE0F94CABDAA4A5A96D471BC720D382F1D6B374ED415CF94E79071CD68E4019046280B0B9A4DC075355DEE02E45569272738354528971AE1466ABC971BB201AADE613D6824D1635505615893DE933EB40A43F4A0A49217AF4AA1A983B54773578038AA1A8F54A1149966C4116E01EB8A9FA707BD4768310AFD29EF9CAE2818EC60E28A3AF5A2800A28A280128A28AA00A28A28013BD1F4A5A28005C8A07146290F7A9B12D5C9E1976F53572398302BDEB30548B294E68B221C558D5CFBD1FAD528AE09EA6AD2CAA454D8C6CC78380680334D639E940CD321A639891F74D20C91CF5A4269C3A5312100149B47A0A4A76292D0A4EC42F6D1C80865047D2A8CDA0DA4C0829C9AD5E28C0F4A776529B472B77E11898662502B2A5F0A4F1925718AEFB381EB4DC2B6415FD28522A3559E6B3E9B710020A138F4154CA30CEE520FB8AF5196C60901CA8FCAB1EF7C3B1CA5990019AA4CB552E70854819C8A628278AD8D43449AD598F61E95924F2548208AA4CD534C4C71494B8A5C5052621381463231DE8C6697A1FC290AF7367424566C63E6F5AE8A19DED5F6364EEE722B9BF0FBFF00A4015D5488B22ED2392293444A3746A5BCCB2A0F9866A4E86B9F8E696D24C7257DAB6A0BA8E48C10C3763A66A2C61CB6271CD252E32B91420C75A4890183462978C5262848498628028A55EF5431369A369A5CD3B340AC3706940A5A281898A51D28A28012929D40148490DFA5149EB475A9B92D03B054C91DEAA6A9218ED4907AE2AE11B931593AB3963E50F6AB2E9C7529DA2920B9EB9AB5B4638A6C31EC4C7AD3A9C4ED8AB210647D2942E7228F7A52768CD5A48A486839F969B2282A548A7B0C0C8A8A69152323B914AC905EC648D3BCEBF56C0201E6BACB687CA8401C002B2F48B62EEF238EF915B6785C56672D4936EC1B86298304D3874A05065613B5369F4DC52B0C6527AD3C8A611523430AD34A9A97A8C537141AC5916DE2A32BED53628DBC669D8A526572A734DDA6A7006291B039A2C5C64CACE42024F1587A85D8DDC55ED56F96352AADCD738F39958934EC6F166CDA4CAF1609E6ACA8CD60DB5C98DF19E2B7ADC878B20D348527663860518CF4A72AE7AD3B6552306C6019A7814A16942D5222E51D4580B57FA571172C3CC73EF5DAEADC5ABFD2B8698E5DFEB4D1AC1DC8C9DC40AB310C29155D46596ADA8C517346EC8728C673452F6A4C75A446E2D1476A2828402941A41C9C5078A12336EC349C1C5488314C519A931C5339E7262E0D2E462901A5C51631DC41EA6954F5A31474A609582931DE8A506A86B564529CF1517F0914F90F5A60141B47444B02900D3F3CD244314BD4D4D8CA4DDC5CD19A314629D8419A375262971458037514628A2C07AE1EF40A0F7A0562241D9BE9592DFB8BB2FD9CE2B579C102A86A117C88C3A839A068BC87280FAD2818E2A0B4944900CFDE153649A063A85A4CD03BD04876A3B62819EF46793482280E3150C8C02156EF529C639AA9752061B41E283448CA96DCC3219133EB5226A1205DAE6A727239E6ABC96C243BBB8F4A669189224EB21E4D3FA8E2A8B45245C8A12F0A70E0FE548DA302F0E452D565BB8CF53C9A99640E3E52298AC3BBD2679A5C1C1391F9D34BA2A9248CFD6818E670AA49ACFB83E73803F84D2CB70CE4AAF4A75AC392CCD9E68422D4436C4BF4A90E08149FC3B7B0A31C01E940C5EE68A28A0028A28A004A28A2A8028A28A0028A41C8F7A006EF400B4BDA9B9028009E845003B1494B86F5A4C678E6A404048E86A58E661DEA3038A314C9E52F4738C726A65941ACB048A91272BD4D064E0690E453874AA2B72454EB3A918CF348CDC6C58CD19A89651EB4EDC31489B31DCD1CD3430F514023D680B31DC0EB49C52647A5191E8281598BBA8238E29030F51406209E46284C71B95EEAD52E6165603A1AE1B58D35AD246655EFE95E82060E45656BB68B3DBBB151C0269A6689BBD8F3AF5A3B9A730C3B0F42693D6ACE95B0940E5A9B9CF142920D0334B446C5D8AEC50EE40A0F245711A749E5DC82B5DAC0DBA2523B8140257246550A411926AAAACB6CE645271D7156C7BD21008A9B12E258B4D403F04D5E2432E4560340D1B168B39EBCD5BB5D4590ED9B148C2503514100D2819A6C72A4ABB94D3B9C9A0C5E829EF42500707269571CE28042D1451414252D252D001451450014514500368A5A2A510341C313DAB2B51502704F4C56AF5E3B552BE87CC048EA299B41D99573BBA7A528A6469229C11C53F069A675C64AC252E3231463B668042F2DD055A0724359C01F4AAA236B99401C81C53DB7CCFB50706B52C6CC42BB8F53CF345CC652B12DBC62289540EDCD4E391CD1B400695463359983776373C62917A53F1498A0570C71498A5C526DA2C17108A6E3229DDA92A0498DC5253B1E9411EB41699195A6F6C53F8CF14D6DA80B3100505A633685049ACFBDD41215619E706A1D4B595850AC679E95CADE5F4B72E4B371ED5491B4505D5D34EED93C66A10702980E3349B89EB5A246B17624CF048EB5B5A65DEE013358409A9ECE6314C08345AC1277475CA46322940F5A86D9FCC8831F4A9C1CE685B1CB29099A3752F5A4C0AA324EE65EB8D8B47FA570EC72CDF5AECBC42E56D8A8E84571AA32E4762683AA913449C66A50314AAA15452F6A0D24C01A434BEB480F5A094F417B52D14629009D06699F7A95BEEE2922193CD3465264B1AE053BA503814B4D1849DC4A4079A7629318AA105145140087AD00F06928EC4D024B522938A4519A4662C4D3D060506BD07AF434B8A45A5A9466D6A1451455005145140051451401EBD45329F581234704D453A078DC7A0A93BD230C71FDEE281A33B4F90A4EE87A01C5695665D8FB34DB97B9C55F85F7C60FAD00C905140A2810A4FA52138183413819AA92CF8C8CD05A43A7970A403CD52662DCD3D9C919A68391491BC56837B6051CF514EEB4631F4A65A561B904608FD2A37B789812D5302A013542EEE42642934CA4EE507898CA5509C038EB561639D1323AFD6AC5A404FCE475E6AD0193B70298CCC5FB5107D29E904EE7E6CFE75A58087181CFB519F402802BC36613E66AB3F28E00EB49B8938A0003352881D45145030A28A2800A28A280128A28AA00A28A2800E833DE90331E28EBC52348B18E714008C5507CC69AB2C4E7009CD529E4695B0A4E33DA9C6CF0B94639C7AD00682A9C64107F1A37B7DD205662FDA90F03207BD4CB79222E5D463E94591372EE0D007AD568EF431E481F5AB0AC18641CD161F30BC518CD26D3472280B5C50383CD2824679A55E2933CD2627143D6461DE97ED0D8C66A2E297E5A09E543C4EF4A2793D6A114A280E544C2E187534BF6A350FD68C8A9B0FD9A26FB49A3ED26A1E28E00C9A690B90B515C166DB54F5CBD5B7B67048E462A3B8B816E85F2335CBEB1AA9BCCA027835684A16665372EC7D49349483BD2D06A3334F1822984669DD2818FB762B70A6BB5D39F7DB039E80570E0ED7CD75DA04BBED0F3D0E2905EC6A74A72500668E94C4DDC06066ABCB6BBF2471F4AB0B8EF4EDDC71524DAE5486EA4B57C1C9515AB6D7A938E4806A8B471B64377F6AAB241246DBA22703DEA4CE50B9D0E1BA8E453836463B8AC8B3D48822393E95A9148AC32A41CD33371B0FC53B348BCD345067B0E1DE8A01EB450342D145140C28A28A006F6A074A4F5A51D2A5121484291CD2D04134D0936889E1539E01A80DA9C1C55B55C75A7727AD32E35199DF666CD0D665908ABF49DA84CBE76CAD6D6622E48C91568363814BD169AA4366912E571F9C8A3148A319A5A488B8B494B49545051451400CC506968E9598921BD8E29BB19A9C595412481599A8EB51DA29F98647D2996932ECB347003BC815CE6ADAE85668E36E3158DA87891AE9D96327F0ACB676624B9249F7AA8ABB3582D75259AE5E7724B139F7A67DDA60068CF15A5AC683B71A404D47BE9CA69957240714E4DC6418A8FA8ABFA6DBF9B28C8348994B43A1D3437D9C6EF6AB4148CD11C621840F614E3D283924EEC4C506940A2A90A28E6BC4927C98CF6AE7218F24935B5AF3EE7233599180A99F6A475D3D01BA8140E94753483A506AC5A4A51498A084228A7518E2985A920B81CF4A92318A62AE413520A68C243A8269B9C8A29A31B8FCFD6928A2A861451466801BDE918E14D28A64A700D20444A72D5328E2ABC3F7AACA8A65DC5029D4D1477A92028A28AA00A28A2800A28A2803D6C2E4E6958E071413E94ABF357310275C668341C1E3D28C7AD00882EADFCD8CF193552DA510FEE98F23D6AFBC8029159172A4CCCEB546B18B3655959720D31E42A0E315826EAE1381D3EB4DFED0B81C11FAD2454606ABCECC08CD5720F5C9AA6B7C79CD48976A7A9A11AC63627E318CD386D0BC935109E32321B9A3ED76FD19B06996958981041C5370C0107A5577BC8D41F2DB3555EF2590ED0A307BD004B75782352A9C9A8ACE03336E98719A7DB59EE2649093F5ABCA108DA3E5FA50001428DA3A0A314631C527340AC29C819EA68CE473C528A8DA74070C714AE34872E30714AA0F38A6A49111F2B734EC91D3A552650B86F4A307D28049A70DD4C91BCD1934B83E94DC353017268E949CD038EA690906EA29AD2C4BD4D44D77081F7B9A560B9600CD26517EF1AA4F78E4E10669AA2697EF647E3458572CC972884ED393555DA5B838C6054D15A0CE5D8D590AAA3080135485721B780443E6E4FBD4D81F852A2FF007F8A31B7EF1C55A21B1BF2FAD0555811B463E943491283F31CD47BA490EC41D6993CD6336F2DCCD3797192BF438AD08ACE5B4B7DC496E3B9CD4296B3433F98C3806BA0B7297306D207031522E73152F53A48707B62A6491587CA73506ADA5B7981A3C80076ACF89EE213B40CE3D4D49A465736B2D8ED460E2A8C37ACA7E70055913C6FC83D6A6C6AB5251CD2ECE09CF4A62EC3FC469D94039638A2C161B8F434E1BB1C6298D2443A31A67DAE31C03CD3B0B426381F7B8FA520009E2AB8B9CE78C8ED481E690E1178A44B9D8B25B039C55596F96325460B7A55A8F4F9A504B8C7D0D51BAD39A0B80C492323AD52173A29CBE65C4FB642429C0E2B3B57D21AD099A3CB0381CD743708AD0ABA800823A55C16F1DFD8152031C1A05CE79E01919EF4C63938ABFA9D84B6729E0E3354891B33DE82D493102719A334AA09424D25052415B9E1EB8F2D8A13D4E71587DAAE6992F9772BCF140EFD0EE77679ED8A00F981ED4C84878411E82A4CE13350219DCD2D20E452D50087A1A41C8C1A4A70A08227881070307DA991CD2DAB704B03EB5640E39A69008C6073484D5CBD6B7C8EB8279AB60EF19AC17B7913E6427E94FB7D42543B6418148C9C4DA0002704E68CB9E805410DD4520FBDC9AB39C8CAE0D4588B5862E7BD3E907BF5A4A42614A281D68AA44DC334B9A00A2A877168A4CD19A0A0CD2F6A6E68EF52C8DC2908E29296A41681CD0063A52E28C5055C414B8A31455215C282DC714520008E3AD31A400139CD26D1EA734336D049238AA771AB5B40ACCD2005681A8B65EC9039C62AA5D5F416E8CCEFC8AE6353F18000AC24115CB5E6B73DD13B9C8CFA1AA51348D36747AAF8A872919AE56FAFE5B9763BCE0FBD552C5C92C49A66E39C0AA513A146C4F0311EF57149233DEAADBA900922AD021B914ED606B4D051499E4D14500B41B9E718A7AFCA2908C1C8A9A084CCDB71403690B6F6ED70F803AD753A6D98863E8334CD374C5890484735A636A0C0A0C24F513691D697B1A0743483A1A118DEE389F969AE3119347AD36E9C2404FB558238DD4DB74EE3AE09AA8A3E4352DDB6FB890FBD46A7E522A0EC8EC4638269D411834505082908E4D28A3D680421E05300EB4A4F5A722D244498E4185A5C52D1548E56C5A41DE969077A689402929452530414B49452284E8D9ED50CE73D2A663804D43F78D003A11C54B4918C0A5A0028A29280168A28A6014514500028A051401E9D6176B32E09E6AF007A8E95CC4ECF687CC4CE0738A7DB6B134C369C003D0D735D0729D0F98AA4F3CD44F7032573CD660D5179538E3BD1F69594EEDDD68BA2E28B32CAC722A0DDD73D68DCBD739A51C93819A134CDE292155411CA8A63A2F4DA3F2A90AB81D29A33CE56A922B421FB2C67BFE94DFB0AF5C9A9F6E41278AAF35EAC7950C334D21914A8B0A92CC7D2A80B39679372B1C7D6AE2C26E1B7124AD5D821541434495A0B0D8BF33127DEACC70A0E0818F5C54D914800F5A560B8C2A41C2F4A7151B720F346714A180EA05160B883A53B14DCEE3C0C51C20C9268B1421602A196D848A5B711F4A25BF8D0100063EF54259E498F52A3D8D1CA172ACEEF14BB6362C73EB56E19AF0A64C631F5A6C6234E73B9BDEA4124B2646CDA074C535115C05CCEA3951F9D31B5858CE1C806A54B791F39CE297FB2D18E5FF955583986C7AB875CAE083520BE72385152C569046368038F6A9847101C01F951CA45CA62E663D147148CF74DD13F5ABE1131C0146C1DA9A42B99CB6F3B9F9B23F1A963B004E5D88AB78C52824D3B0AE471C0918E3E6FAD4A00231B40A0528A2C2B89B474CD2862A700668E9CD4B6F1991A827988986E193C7D2AB8696697CA039ED5B4D68A53A76ACC8D7CBD49467B5221C8920D28939726B462B48E21900123DAA5886129C832083419B7A11CD02BC4540193D38ACEB397C9B931BF193C56B90304FA5655EC5E4B79DE9CE682532F5C42B2C4C7B91C560CB11B79B6C8A0063C56F5BC9E6C008F4AA1AB41FBAF37FBA283583B1464B5575C81C1F4A83EC581C31C55985F7C400F4A7F6A691BF35914C5B38E8C7F3A7ADAC8FF002EE3CFBD59ED53DB265C1F7A4D13ED195FFB198C67E66CE2B392C196EFCB2E739C575A1404273D056388F7EA24FBD499FB465DB6D3A28D70DC9F7156D208D3A20FCAA43F78D2AD066E4D8D2808C74FA555BBB50F0B05F9980279AB9498DC08A64A91CBA0237412F0C33815674A7FB3CA6290F1EF49A8C3E4DC97C75AAE5CACCAFEA40A0D96A8B9ACE922EE2678D013D7A570B7566F6D2B2C836806BD46DCE6200F71583AF68A2743246093EC280A72B3B338124E76A8E28C54F716CD039520820D418341D89A6829D13149030E829A3DE8C1EA3A0A09B6A771A5CEAF6A06EC9C0AB83250D737A15F296111233D2BA50D81C0EB5031A381466933934B8AA017071C503DE8C1FC2814C8038A45A29454A0428381C734D28B2677285FA5191464522B42A989E37263248156ADB53688ED9451D0F4A698D2419EF419B8DCD68AE639D72AD529E056081243F709C5588352643B64C7E341938F63581A338A822BA8A6190C01F6A972147A8F7A4472B154E7A52D30649E38A70040EA68172894BCD03BD25310B8340E94EF5A6F4148222E28C639ED49827BD18239C9A0AB0EC8F5A00CF4A40DEC290B003938A05662B034D03355E7BE86DD4EE71F8D615F78AA1872AACB9A0B8C19D1B48B18E4E2B2EF75EB4B60C3CC1B87515C5EA1E289E7CF96DC7B1AC496FA69B3B98927AF34D44D634CEA750F16B392B11047D6B9CBAD4A69D89673CFBD51CB7524D349CF7AB51378D314CAD9E096FAD31B2DCE7069734DCD5D8DD450BBF6A85269F1024E719A888CD5AB7426992D245A881C722A4E00C522271484639278A9321D918A5A96D626B870A8B9CFA5757A6F860491869411F85233949238E1C820E6B474A31AC80BF03E95DAAF862D71D07E552A7876D93A01F95060EA1969790ECC06E29C2E62618DDCD6B7F63C20631C7D293FB16261C13F952664E5733E3742386A701C123A5587D188CED66AA72D9CF6E703247BD24C13B9215C0C9E954755976DB139ED53DBCA5A431BFD2B235FB9014C60F515699AC51CF39CBB1F534DE6814BEB48E98EC21A41DE969077A0A0EC69B90053BA0A8C9F4ED412DD90A01CD4C060536319A7E3029A463262520EF41A5C5348C98B8A28A299220A4A514940217A0E681D38A0F229B9C0348A1AEC31B73CD244A7BD30F2D9A993A5003B18A4A5A4A0028A28A0028A28A6014514500028A28A00EE12DE4B83B9C1DB5692D2DE35E300E3D2A792458549000F6ACD9AE1EE18851B067A8AF2A0E53D8D9D915F517455C478CF7A92C2D24B8B5570C791DA9CF68A2172CDB8E3BD59D2722D42838C0A24E51DC5168AF716B34106EDC6AA192EC45BD0120FBD6D5E216B41939C566AB6DB645C7538ABA1372761B76456B6975098ED5427F1AB2F0EA0AB9287F3ADBD2ECD1537F526A7BC50011815DA912AA59D8E57C9BF7070180F634D489E27CCD9FC6B6F38E8314C78D24077283EF5491AC648860B980C7B548CD5857523EF5537B0C92C8C54FB50B6D228E1C9A4D32B9932EAE33F7A94E3390D547C9947F11A4F2663FC4451662BA2F7991A8E48A85EE6319C1155FEC721EB21A72D81EF213472B0E6423DE970446066B3E6B9B8DC41C81F5AD98ED9231C80C7DEA09ED525EC17E95490B9914A1C3A96C65BD2A54B5690E4E547B55882CD6339CE6AD050071C516136450DAC318C96DC7DC54AA149395000E940514B8E69A5617301654E00140258668DB9EA28ED81C5326E1B001C9E691714BDBAD0303B51A0B50C81C5252920F6A314D0D0DA5A31401EA69085078A01F6A4C7BD28A774029E9572C90F5AA6064FE35AD671811E7BD41932624ED23DAB1802FA98C7A1AD876DA84E3B565598DF74D2FA1231488B9AA83E4C52A8C034A9C2E73429C83CE2913713A71EB55B528FCCB6651E956B1920FA53265FDD93D71DA92D86AC51D2DF31B213F74E2A7BF8BCCB49140E48AA7A6F13C83A65AB4D864118C8A68A473569957743FC27156AABCEA6DEEDBD18FE553F03041CE6AE2D1B45DC71156ACD3273E955B1C81EB5A36B16D40739A2E896D13C9F2C4E7DAB36CC6F9D9BD39AD0B86C5BC87D0554D2D32A5FD454193B33449CE4D02929C381489F201D281DE8A69F9467D78A2E84B43375584BA6E1D8D65800C593D41CD7433C61A120FA56085C48F1E7A02699D3069A3574D944C9D791C55D650CA558641F5AC5D1E42B2B464E31935BBD69193566731AE684AF1B4B1AF3EC2B8BB8B678252AC08C57ABB2A95218020FAD733ADE801C34B1939F40299B427D19C4107142E41C76353CD0344ECAC318351103A6707D683A62D35A04131B59C3835D6E9BAA0990170302B9155C37CDC8F7AEA746823BA8FCB0429F514AC26EDB9B01958641EB49C8AA4CD25AB959410A0F04F715721956452C39145894D31C1BB52E2930B93CF4A7606320D05584C8F4A323D29143376A39C91489B0B4537068C1A9B0B514329F94E28DBE94607A734A09A631304839A66C4C60819A939A4519EB40685678A6462D13363DA961D6BC8389C81DB9AB05B865EC05731AFCCC06D8D79073B8516279533B3B6D4ADE75F95C64FA55A182320922BC9E0D52E2DDFEF118ED9ADFB1F16C8836C9823DCD2B13C8CEEC5260D615A789EDE5037B2A55C1AE5963FD70A2C472334F148DF4ACD6D72C80CF9C2A8DCF8A2D901D8CA48F7A6A2C4A0CDE000049622A292E618812CF802B8ABBF1939CAC6A08F506B1AE7C4175303F3119F7A6932E34D9DE5DF88AD6DC1F9C1C573BA878B0B822223F035C94B752C99DD213F5350EF23A9CD3E566B1A6CD2B9D62EEE0925DB1F5AA124CCE496624FBD445DBD69B9EA4F354A2EC6918A5B8F2476E69338C9CD37762909AA5A1A4521589ED4D00F52680690E4F7AABA3549587671475A6814AA39C5223563E14CB5684481466AB411853926AEDB8F35B6D2699324C550D270A2AF5A69134EC0953835A3A668A0FCC589F6C57416F6AB1009B471DEA6CCE693B0CD1B4786000B2827DC57468A0261381ED505AC4AAB5648E3028392730DA7D4D001F7A0640E4E28CF61CD2334EE28518E4E051F28E869A338A3F0E293D81A685CFA9A63468CA77004D49F4AAF752886DD9BB8ED494AE544C099562BA2C0E064D729AC4BBEF060E4735BF7D3160CF9DA41E95CACF279970589E86AB63A60991E3AD271EB4B91EB428CD348E8437B520C77A7E3F1A6B8E383C9ED4EC0DD83616E9486165E48AD2D3B4E32A1672401CD32FD046DB00E87AD16339495AC524E05296A434A1714D230DC3B5149494D2252171452F5A4DD40343A8A6834A0D0210376A8D9B9A0F19229A3E63CF1414390714F5E05006062969005028A2800A28A41400ECD19A314628B88334668C5368B80ECD14DA28B81DD5E4C5E52AA4E334F8610A8188E7150458793279ABA4FCB815C9878591A36472FF00AA603D299A6B6D5DBED5215F9083E950591C5CB2F6A8C444989A374BFE8C47B56203F713D0D6FCC331B0F6AE709C5D81E84561867691A4B63B0D3D716EB515F91935359F16E951DE0C826BD25A9CD7D4CACD19EA69D8EB46DCD5A46F1D86F3DA9727D2940C50083DA8293007D450180CF14518A100B9F6A6F3ED4E03D0537F0AA4084CF148066940CD281484228E28A5A4A0028A28A00751451400628C528A314009814A0668C0A29A4170A0F4E28A07BD20B88BEF452E69517750171F6EA5E41E95AF1AED5C0AA76B0ED50D5754E45498BDC8AF1C2424D53D2A3CEE27D4D3B539309B7D48AB161188E3CFAF35266595EA4518C1E285EE6901CE4D0480E8691C662614E1F76931946A4B61A322C815B97F735AD8E95991FC9727DCD69F501BDA82D18FAC41B4798A39C66AB424B42A4F615ADA9461AD4FD2B26D48DA57FBB548B832CC0BB9BE95AD080131542C503331F4AD05182680914F51936C4541EBC53F4D4DB6A33D7154AF5CBDD247DB762B521411A841DB8A4644AA3F760D1DA901C657D297B548BA8521E57F1A5A41C8A0635C6E423DAB0671B2E9BF2AE848C923DAB03521B2E73EE291AD3647037917BC700815D021CA83EA2B9CB918C4A3D40ADDB172F6E09AB1CD167F8B06A375560558020FAD39B269D90571418A76672FAE6841D5A5897F2AE3E7B6781C870460F7AF552A1D0AB8073EB5CF6B5A12CD978C638EC283A2152C70E407438AD4D06FBECD361CF19EF54E7B336CEC1B38CD4232A72BC1A0D6FCC7A3B5B437B6EACE0648E0D66CB6B2DB39D8095A6F87B51F3D04521C6CC0E6BA1689245DA54107BD3336F959831CC878C806A6EDC7345E696632648C9C0E78AAF0CBB4E1FF005A97B1709DD13AC9B7822940EFEB4876919140E9491A5EE2E7DE9334B8A31405841494BDE9D48427634DC6053BB5048C91E94D20229DB6425BBD66C764B77B8B8C8F7AB5772F3E5FBD496E856218EB54905EC735A9E85E592C8BC7B573F244D1B95248AF4B9123950AB0049AE7B54D0FE567414EC34EE728B2BC6321CD48B7B291F7CD3DB4F93715C1A826B7684E08A2C528DC735E4C72379A85A4739CC86933B47DDA63118EB4D229445F7273499ED4D07DE9375348A4809A6D1BA80734CB483F1A28FAD267B53E85A4985149DA8CD2B5C393B0B8349B4D1B852839E2AD44146420352C6335185E6ACC49C538C0DA1498E5524102A5864689B2334D1F29A9570474AD390E854135A9A96BAD4B10C0CD6C69FAF1620C9FAD73504458F0B5A30C0A17D0D44A1A194F0CAC7756BABDB3A81BC0AD08A74906548C579DA964E5643C55DB6D56E21E06481EF5972D8F3EA60BAA3BA3C8C66943003B573B65AF87389303EA6B720BB8665CA904D6763CF9D170253BBD38A770571480E4F4E2917A93D851D0C6CFA813E5A162781587A9DE1967D8878C60E2ADEA77E154C63835909808D23F273DEA22D5CA8A7731F569B6215CE3358246433679ABDAA5C79D70541F6ACF6041DB5AE963BA9AD031C5038A07A5275353CACD2D60DD56AC6C9E7954E0E334DB5B5F3A509EA6BACB0B15B7887CA338A12667263E3B6486D30000715CC6A27329C7635D5CC0F94DE98AE4EFBFD737D6AB95A399BD4A7B69314FA6E695C425148296A9363B8945145316E329738A298C70281D8427269E8B819A6A8CF3522FA50161451463145001451450003A520A51D2905021F45145400DA28A2800A28A2803B8B341E5648EDD6ACF6A8AD9710FE1528E45285903603EE9CD5480E2F5BD33568743553EE5C03EA6B1AEAE871DCD87E41F4C573D70BB2F89C7715D0210D103EB58BA829F3CE0720D70D1D26CD9C6E8E9B4D6DF6CAC79A925459148E9593A4DFAC5108E4E3EB5B2B24720CA30E7D2BD283B9CB6B332A48597381510047515B2F086AA72DA9E702B5B9A29591403646314A7A6454C6D88C9C544C8C38C1A49DC7177110F1CD28CF3480629474A68B414A3A52528E94D0D0CA4A5A4A042D274A29C39A00319A3A5382E3A50885F8C74A04DD9118DC7A53951AAE416B91C8AB1F640076A572398CCC30A327D2B44DA0C76A8CD9F3C5170E6290E68DBEF57859F14AB63EF45C398A0AA7B734EDAC470B5A2B6800E9522C2A3F8734AE2E73312D5DCF422AD43678EA6AE2A63B62972A3A90295C39C48D142E33F85381C03B9702A179A38C92181F6AA6F7B24EC511081EB488DC6DC2F9D36036E00F4AD48D004000E82A959DA32BEE739ABC170319A5742B877A51DE8EE68EC691220E8697A21A407AD239C4669AD848CD8C0375F8D69AF4C565DA1DF72C7D0D6A2F7A68A44372BBA1607918AE7AD5B1712AF606BA59F1E5367D2B97B6C8BC98FFB54D1AC0DAB260188F7ABAE4ED254D64C12157FC6B5606124647B502919B08537AC6400F3C67B56AE06E27B1E95977C8D0C88CBEBCD685BC825854E79EF48CC940E49A5A3D693BD480BD8D21E94BD8D21E94213141AC4D69402081CE4735B43AD65EAEBF293EE282E9BD4A3200D6FCF38AD2D1589B4209C9C9ACE8C6EB7AB9A43EDCC7EE4D51BCD686B0E01A4E3AD2D25071B5A8BD69A406F94F434EFC6936E4139A0A574626ADA1C73C6C51003EA057177763259C877824035E9E32410D58FA9E8CB759381F9506D095B738DD36E5ADE60C1B0339C577BA75E2DC4008209C0AE06F74E9AD6463B4E14F15B1E1ED50249E5B9C720734152D51D8EC05487E73D8D66DEE9A1C168860FB568AB89543A9E29C381C8A4F6338BE539A0CF6CFB65CFE35615958641EBDAB4AEEC12E14B2819158EF0C96CDB581DBDAA4D632B9364F4C52F419A8E39908C719A90038C93C533A22EE20E79A5149C678A514086D28206E661DA97B54572E23B7CF7AA4050C3497B9EABC715A5C06C01818AA560CAFF0031C66AE8E4D342E80146738A1C060430C8F4A5038A318AB25332EEAC1158CA8800F4155DAC6DEEE365F29777AD6D850F9561C5529EDCC126F8BA7B5069191C66A3A34D6CECD8256B24C7D73C62BD298437B1146037631CD725AB68B240CC501209CF0292358C933030318EF480601C8C9A9FECD2202581A8B6F38231571571B90DC7A0A6ED3E952631DE9064F7ADA34EE2E71BB49A423029E41FAD00163D29FB30836DE8351493CD4C2D8119A9228B8A99571C668E4B1EA5285D6A5336F83C1A72DBE39AB057DE942E01E6A944E8F66911A46BCE453C285E942F0281926AD46C55920C6454B0A1270288D0935A1696F81922936910DB5B125BC2554122AC1E697200C0A4ACDB4C86DB000034F53C5460D3866B36AE164F71EAA3395E0D59B7BF9EDD810E702AAA9C77A4DF93C8ACDC4E79D1523A6B3F10239D9210BEE4D5B9B5A82284EC70EC7A006B8F2A0A1DBC1F5A6C04AC9B99B7053D2B29A691C3530A93D0D60977733995B76DCF02AB6A924D02EDC95C8E95AD61A8C3243B46148E3AD73FAF5F096E36AF40315CAAF739BD958C5CE652C4F39EB48724D281924D373835BA4EC691D00AAA6496CE7B52C30B4CE36838CD3ED223712EC238CE2BAFD2F4AB748C3305CFD2B1955681B28E9D6A9000CCA370E86B53ED200E462AE9B387EEAE00F5A43A746571B8563F5992307A9425B98CC4C0900E2B97BD61E71239E6BB13A64441048354E6D0237395C7BF1571C4B7B92A37390269A003FC58AE9A6F0DB6095FE55973E873479DA0FE55AFB64371338A7CBC3669B9DBD466A592D668495653C5401B2707835B42A264342F5C9CE293B5182071D2919B68AD5BEC248467038A6A0C9C9E4522AEE39A9546062A0760000E94A28E2800501606E949D8D07A51D8D5212129474A4A51D2980B40A281498828A28A900A28A2800A28A2803BE8D71163BE29E9D39A44E94EA2C213A0E6AA5C8DA54FBD5B23233E9505DAEE8411DB9ACAA4741C0BF0106DD4E6A95F80AF9DB9C9EB5269F26F802FA0A96EE3DD0E7D2BCB4F9647437A152285658B7060A7D2952E6E2D8ED1920532C9B2C54761525C5C471EE0EC32077AF4693BA3271B96E1D6D41C4A42FF00BC6B462D4AD665E2543F8D79F5FDEF9CC769EF55E2BE960195245740B92E7A87EE9D7820D42D021C91D6B8583C457518C6E6C55E8BC552608663D3D68D8142C6C4CDFBD2ABD68C7A560DA6AED717BCE706B74671C74233548D120A2976E06734DE3B8A68AB214518A5C01C8A4C9E829D8861D6804834E11BB1C0073572DECCE32FD7DE913CD62186267FE1356E2B70327156238C2F029E70A31D3353721CAE088147151C9711A70580A82E2F4420807713D3154E3B596E9BCC7CED3CE0D499DCBC2F623FF2D17F3A72DD427F8C5561A5C5D80A70D394740298EE5A171163EF8A6F9F12FF00CB4155FEC5ED4BF6053D40A44B26379101F78542FA828076FCC7DA9469D19EA053D34E894E70281151F5298E4246DF85350DC4FD432FD6B492DE34E8054A3681802A46674560DBB2CF91E86ADC56F1A74519F5A97AF4A29DC2E855383ED4518A314803148052E693760669D85713B9A6CC7F74D4E3C73EB50DEBED849F6A16C0914B4C04CD213D0356AFA9ACDD297FD613DCD6867191EB4D1495886EDF1039078C5605BA8F39D8F735B5A8B08ED24F7158D00CA06F5AA48D60AE581C3135A1672638CD50E9535BBE1867D68B0E512FDCC2B344C48E40C8AAF6126C2D1B9C11C006AE03B901ACD9D4C7721FB6691958D618C7349488E1D030EF4B53644F98B4949DE957BD164261835435503CA35A0A7E5ACFD507FA31FAD162E0ACCCDB519B623A9C9A974E70B78549E3151E9E7E46FC69B6E765E64D51D125A1D175C1A5148BCA7E02945239187AD03EB40EF41A570BE8149B7239A2968BA04DA33EFF004D8AE22230324571B7BA6CB6137988A40CE72057A0019CE3B556BAB24BC8CAB81E9CD173584BB991A1EA9E62AC4EDC9E39AE815830DBDAB8DBAB0974DB9F3220700E78ADFD27515B84C39F9BDE8DC26AEEE8D423674E7350CD024EA72066A619EA7A5000EBF9516466A4D1CFDD583C0E5901233DAA38A76236B023EB5D132798A41ACDBCD346098C7E5458DE150AA3A601C8A775AA88EF1B98DC118EE6AD2B2E3A8268374EE039AABA8716F8CF156067F878155350CF94AA3D69A2B428583B24986C81EF5B6A3033590D1945527D456A42FBA318A6852D89074E68ED483A52F4ABB1921072368E3DE93A828C320F7A3A734A9963815217B15A5B3688F99102DDF029AC23BD8CABA8C8E39ADDB683E5391D6B32F2C9AD5CBC438272714208D4B6873B75A5A862368C563CDA4132E10707B815DA6C5B98C838DC2A83DBB46C51BB9AA52B1A295CE793C3170EA4AA961EC2A197C397499F91BF2AEE2C6ECC242E78EF5B6238268F70C1245691C435D0C65268F20934BB88B3BA263F8546B6CE87E6522BD7A4D2ED244F9A30C4D674FE17B49412A8AB9AA5887D8BA588B6E79BEDC0E94801CF35D8DDF83D867CA603E82B9FBDD2EE2D599590B05EF8AB8D4B9EC50C527A19A463A9A45048F6A7920FCAC9C8F5A0FCBC638AD62D1DEA4A4AF71981EB4E8D3278A31B8E00ABB6B6D81B88A3982E875B4192722AF200A302914003006296B193B8681C5147AD03A562B62799740A29D4955722F71A33F5A703C722909C74A51D3269020DDB4E40CD34958949C8627B531E5C709CB7B506C2E0A7987207D2B19CB5B18D4924EC44659620CF19283D2A9B48D33132364D492CEC094624D4036A8271CD6692DD9C53698AC7152430B4DF7149FA53216F39F1B78AE9B49B58A2504E01EB55CF15A1CCDD8A369A3CF190FB88CF38C56A25BDDAAE04A462B4576F45618A760E3AE6A5C612399CD9413ED6BFF2D49A9166B85EA491568903B51D6B17413D89526566D41E31978C9A6AEBB131232108EBCD2DE283130F6AE52E1312363D6A7EAEAC69199DAC3AAC2C39907E75615EDE6E032B1F6AF3E499D3A1356AD7559616C826B195071574CB4D33ACBDD2A29959C01CD725A969C6DD8B60815D3E99AB8BA4018F3DF26A4D62C05CDBB3000E066B3854717613470224C669AA3775AB13DB08A564C74A8C0AF4A12BA32D84031D2940E69681DEB5B8AE252814EA28B85C6D251D697A0A68571B9A5078A28A02E2E68CD1452B80668CD19A334AC3B8668CD19A33F5A2C170C5149BA8A2C23D090714718A17A506AB621B0FE122A37E61653D85480E290AE598E783DAB392BA1C590E98DB24643E95A3360C4CA7A62B254986E598F00D58BED4238A138209C7635E6CE0D3B9D30D4CA92FC58CCFCF6C5645E6A2F732923383515E4C6EA666CF19EF50E001851CD7A1878FBBA9A2800FBDCD3B3C714D2A31C5223F3815D124572A438103A8A9AD6CDA73900E2A4B2B292E650B838EBCD6FC76D1D8DB12719ACCC65BE85086D12CC8624035D1DA133DB6E539038AE3AFEEDE7622362A056FF87B54558FECEE7927AD311A4CACA790714981E95A86159532083914D8EC57F8B145CCDC8A09131E838AB30DAB679156D205078C54A0003A53B8B988A28153071CD4A01CF5C0A63CCB1A9624715466D4490563527DC54DC86CBEF3A44A49604D509AF9A5CAC60E474A8A3B4B9B86DCED853D8D685BD94511DC54161DE9117455B5B3795B74FC8CE464569AA6C0153EED29E400280481B734086807B74A500D0A4818A377B503B8EA6E453A938F4A04252F51460518E2A463714AA077A28A602E00E94B451400514514005211918A5A4CE39A0008040F6ACFD4240C020EB8ABCC76A96278F4ACAC34F71C70334D017ACA211C5F51531FBD9A1570807A0A71C0049ED4148C9D6A5FDD88C1E58553B65DB0A83E949A8CE25BA541D01C1A96318503D2A91AC158750A70D4534F0D9A114CD7B66DD163D05437D1662DC07239A5B293208F6AB32A6F8197BE2918B2BE9F36F80293C8156EB274E7315CC911E70315ABD052203BD2AF434DA72F4340814F154B5419B635717A555D4866D5A8348EE64D91C444FB9A648765C83EE29D63CC247B9A65DFFAD0C3A640A6744F63A38F98D7E829E2A280E6207D854A291C8C074A281D28A912168A4E68E6800FB9F8D26D3F7852F5EBCD1CF63C5034EC579EDA3B842AE324F1587259C9613878C1DB9CF15D190307D698F12CB195719E29A293BA20B2BB5B88F0DC11EB5680EC3A0AC96B77B690B467033D055DB4BB5997691B48EB9EF4CCD9641E0814630093CD267038FCE973C6586E148717628DDD824C0BA01B8D6334335B39DF923E95D32900640C0A8E68127521C668368CEC62472065E38A1E31275EC69D7360F0B1688E147245450CBB8E082A7DA9A378CEE417B1623E3B1A7594994DA7B54F70A3CB39E6A959362765ED8A68B7AA3440A3B51D280093802AAE64D888858E055EB7B5CF38A2DAD8919357930A318A4D98CA408BB4629248D6442AE339A90527079C549117A9CFDCDBBD9C859471D78A8D905C425C70C2B76E6013C6CAC2B01D5EDAEB6F213B8A67442455B7DC642AFC60E066B474FBB31CC5243F293556E21F346F878229B13071B4FCAE38C9A9B16E373A946561B97E6CFA53867B71591A6DEEDCC4E7A1C027BD6B0624020F0699C528B4F410A93D4D66EA9611CB6D21DB938EB5A80773CD3245DD132FF78714D4AC5C2A38B3CAEE74E9BED6E110E01F4A6369F70320C4DF957796F6F10BD9048B939AD16D3ADDC12631CD691A8CEF8629A3CD20B465C9319ABF1B05046C22BB63A35A91C462AACFA04254EC500D573DCE88E3533943B7A818A4AD0D434B6B35DFD4138E2A82AEE52738A77B9D94EAF389494AA383DA9036683AA2B4BB01D2814120024915526D42388118C9F6A44C9A458791631924550B9D4C282AA6B3A7BF6909009155776E393CD26CC1CEC6959EA216EB7CBCA8ADA975F492031C608FC6B951186E31C55A85111781835CF357672CE77658625DDA4273CD4D6C82E24DA54E3A5416C4BCBB59B8AEA2C74C88C60C7806B27176D0E59C89F4ED02DD937E403579B4DD83E461F8543B2E205C249C7B5392F268FEF65AB9674E673B93B8D36F7119CE491F4A54B8910E1D4D588F53573B5D4E3DEA702DA55E40C9F7A23292D01A4564B98DB82306A5560470698DA7AB731E01EC6A168268739CB7D2B68D5B6E4586DE9FDCB63D2B929D8ACCDEE6BA4BBB82B1B2953D2B9A98EE94F0719EF5BC6AA7A0ED644793DE8CF14A704520EE2ADA4D04596B4CB96866249C038AEDACE51716A4673915E7F92A011D8D761E1CB8125BE09ED5C5529A4EE5AD4C3D6AD4C53B3638358E0575DE228372161C735C901C9E6B4C3CAF744C908051DE9D8A6907B835D688168A31495690C28A33499A081690519A169741AD85A28A2A4028A28CD58C2928CD140051451401E828694F4A8E33C53CF4C54C8CAF701D6820A9C9E9474354B50BF102B2E79A22AE8D60AE45AADDA468761F9AB9D96F269872C714B7572F712924F19A88E3A2D64E9A6CEA8C6C3554E33DE85EF9A0123834A5720E3AD6B14A28D568869C83B4735A1A7E96D3B6E238A874EB532483CC15D6C11A5B41903B5252BB3294AC476F0C169196600102B0354D44B3944638A9F56D48B23468DCE6B1036E396E4D55AC445736A48A7B9EF52412B4320753D2A027F2A55249C76A93470D0EE745D6E278C248DCF4EB5B8B750B0CE463EB5E6364585C280D81F5AEF2C6CBCDB60770CE077A573926ACCB8F7D0A676824FB5576BD9A53B50102A68F4B8D796193F5AB71DBC683E518353731B9412D2798E5D86D3D41AB50D9471F3804D59DA7A6462936E3A1CD3BA15C4CE06D0302851D4FAD3830C74A0739A16C2B8945145318514514005385369C29300A28A2818514514000A4A51494900B4514530129319A5A077A4046C09522996F0AAB138E73532107340186E2A8046CF38AAF7B37956CC73DAA62E15B1EB589AC5DE7F720F5E299705729C1FBEB8673D8D5DC60E2AB59C7E5A13EB5641C9AA47425642D34F5A7534F269225972C8F35A5D54FD2B32D386AD35E41A4CC599007957ACDEA6B594E541ACEBC5DB3A91DCD68427E414881EC38A41DFE941340EA7E940817A554D4CE2D5AAD8FBB547543FE8CD41A4773274E3FBB6FA9A4BDE08FA8FE7469A7E43F5349A8F18FA8FE74CE89EC7416A7F723E82A71556C8E605FA0AB4291C8C0518F7A3B51D6A5137B06281CD038A5E940D3B880D1DA8228140082839140A371FC6815EC35E256520D674F0B42C1D3A03935A6327E948C8AE0A91C77A43DCAF6B76B38DADC11EB5682EDF71595756AD0BEF87A679C558B3BCDEBB243F3530B174E0AE453578EB47B76A5C0A6806BAAB0391D6B26FAC36E648C600AD7DA334D600828475A68D232B1CE79A64528DD4555B7F92E4A8F4AD3D46C7CA05E315976643DC153D699BA9686AC7196ABF0DA8EB8A7DBC03CB048AB3C2AE05231948408146074A5C528C9EB474A5732BDC3340E869D4838EB45C045EE0D51D42CC4D192A3E6ABFC526010714D1517667351136F26D90719A8EEADC83E745D3AD6B6A3602542CA391542D9C15685FAE71548EB83B959242EBBD4E0A75ADBD36F9678FCA63F30E39AC1789EDEE0E3EE31C9A9E06F22612A1E339353614E09AB9D3038F97D7A5057036D416D70B72AAC3A8EB563AB516391AB331DD7CBBD63FDE35AB1FCD1D676A2365C4647F11ABF011B3F0A2C38EC3B6E09A9000460D2007B9A322A532354CA3A858ADCC25703239AE26F606B5B8287819C57A18039CF7AE77C41A66F569507239AD22CEEC3D669D99CCC85579C8C1AAB717A9182A0D52BDBA91498F3C8ACB7924724B139AB8BB9ECAAE9AB1727D45892013545E6690E49A68E7AD213E94CCDD4B8A7BD0B499A2A4C5BB93C785E4D3D1CB36074AAACE4AE0559B64E3268E5B99B572CC6A54EE079AD6B0D55E1214938ACB1D2976E467B8A5A231923B9B4BD8AE139233560AC78E066B87B4BE9216FBC715D269BAA24836B373F5A57460D178DBEEE9C530DB3C7920D5A570C32BD0D3801CF3593A29EA66E5D0A4B7371171C9C7B55A8351046D981FC69E76630549A81ED525C9C60D73CE8B5B0E2EE4D35ADBDD0257009F7ACABCD01586531C53A432DA1241E052DBEBEA58A487A563C8E0EE6A95D1CFDCE9F25BB918240F6AAB838C1C8AEE93EC77A9CE0923D6B2F50D081CB4407E154AB59838D8E641E0815B9E1D9595F613C565DC58CB6EC54838FA559D165D97786E39157395E208E9F59855AD09239C1AE1C6C0CDF2F7AEF2FDA396DD94104E0D71DFD9B24EE7621E4FA5461DDAE29229919E869A496E09E2B72DBC3770E3918FA8AB12784E554DEA413E82BBA2C839A383DE936F5ABB79A5CB6C4E474F6AA6011915AC580CC52814B8A00A09626285E94B48297412D85A28A4ED5202E6933452558C5A291696800A28A2803BE8017877FB669EB82A4D456AE7ECFB47A536E6E56DE163919C5441DF72231B91DE5EA5BAFDEE6B9ABDBB6B8909272334DB9BA7B995B24E074A870055EC754202678C5264E30297691CD0982C7DE9F43A1592D44197F9475ADCD2347F306FB8191ED59B6B63279C24C1C6476AECB4C963300420020570D572BE867297629CDA5A44A5EDD718F5AC9BAD56587744587A56E6A9A82DAC6C80F3D2B8BB96F3E56727AD2A37BEA0927B8D918BC86427934DCD03818ED457716925B064D390E3E949D693F848EE28B21BD894655F7AF6AED7C377FE6208D8FB75AE251C042BDEAF6937AD6B36FCF7A2C8C251B9E961B774A500F73C553B1BA5B9814AB02703BD5B539383D2B3389C6C3B00838A00C74A1860E07434B4842673494502A50696168A28AB2428A28A00077A4ED4A3BD276A06828A5A296A3D04A2968A350D04A7514500252007BD2F4A439E949136173480D2714AB8A761D982803245234810139A8E5982679AA52DC9604034D171571F713E5B2A7A573D7EDE65D2E3939E6B4D9C84249ACBB7532DCB31E403548DA3148D145C44807A734EE9D2950E11A90722A916B414669307271D6949C52A82DD052264CB5678EFD6B4D460126A95AC1B467BD5BE4A93D854183651BE00BC640EF5763188C1AA570EAF22AAF5079ABA99F2B1422455208C9EB4809E4D2A838A36E01F4A0428236D67EAF916848ABBBD40C13DEA86B4D8B238F5A0D22B532B4BE6227BE4D17E32067D452695CC07EA69D7DF747D4533A25B1B5A6126DB27AF1573DAA96947FD1BF1ABD48E592D44A29D4549161075A3B9A29281A561D4514531880629368279A5CD19A42B00E06051D323D68E68E6800C0DA47AD527B2512191060E7357707B500E3AD3191C65B680DD69C39A0F26802920003029768D99EF40E94ABC8AA1222785658995B9E0D730D66D6BA91900F94E05756481C03552EED5655040E734246916C9ADDB75B82BD6A48F241DD515B8F2D304549939C0A573362A9233C5296047434671918A4500D2E61A5A0A013DE8FAD260FF0D38534EE24C6E050A30722968A04371BB20F4358D7969E4CA644183D6B6FEEF350DC44B2C64639A2E6906D18871711321E4F4AA6B9898C6FF74F15664DD6971B4F4268B9884A9E62F619AD16C75A7788FB0BA68640B9C293CD6FC6E180607AD725193CAF715B5A6DEEE0226EABC54984A1D4935600EC61D54E4559B2626DD493C9150EA6998830ED4ED39F7C207A0A8D4C6F62DEE340EF8A318A3A524436C5E369C8A867459A1656190411532E493823F1A63CA9103B88FCE9A2E0EC79978934D36F70EF1AE067BD7364939C9AF47F149825B7621493CF4AF39906D623040CF7AA8B3BE9CDBD0888029B9F4A7E32334D5EA735A459D71D845A3279A0518CD3645F515141FAD5EB75C2D56B74CB8F4ABE8368A9B83619C74A70A4A4CD32371C06463B5490C861395383508900A78E454D913CA8E874ED5F761253C0E2B7219525E54FEB5C18CC7F329AD5D3754789B6B31C52BB39DC0EB376DE1A9A413F30E950C17093C5BB3CE3D6A60E7181D2833B58A3A97FA92075C57293210E483927D2BAAD4B0D1903A9159DA6E8B25CCC4C83E5EBD2A2514D58A4DA33ADAFA6B55C8CF15BFA66BAB28DB3120E3BD5C9BC3F6D145920138EC6B065D25DEE36C00A8CD72BA499499BF70B6779193B72DEA2B1468F38BADF08C0CFA56EE9DA3C9046A243C8EB5B10DB2C639028507B30BD8CCB4D3999333F27BD684363043F7571560F03039A5C56B1828EC4735C41C0C0029477E9463146714EED12D94350D2E0BA8D895CB5707AA69D25ACC40042FD2BD2D7E5EA38AC8D774F5B884B2A8CD5C64CA8B3CF0F5A6123B558B884C2EC8C39C9AAE1475AD623B00E9CD2D37049C52F414C91326973C52773476A9105252D156310714B45140051451401D94376B05B72C01C7AD61DFDF35CB10A4E33515EC85E4382719F5A871F2D6703A630101DA800EBDE9AC0E334F1C01EF4D7F9460726A99B2490A395C77ABFA6E9E662188207BD374CB06B86DC41AE96DEDC43184000C552D8CAA4B4D058ADD113CB039F5AA17D39B02595BAD68CF2ADBC658919AE5353BE3752900F00D6328DCCE3A8CBCBF6BA24B1355429618A5149DAAA10B1D11560030307AD14A7A1A4AD58D85354E0D28E2929090E032735276C2F5A8D69E3140ED737345D69AD182B924576969789731875619C7AD79C595AB5C3F1EB5BF672CB658049C54D8E4940EC8383C77A00ACCB6BD5957713C8AB91DDAF4CD49CEE258C9F4A327D2981D5864114EC8F514589B3179F4A39F4A6827D697F1A02C2F3E9473E949CD1CD016145266971C5201D79A4D058323D68C8F5A3A5008EF8A560B07E34628CA8EF4DF31477A2C1663E8A89AE100EB5135D01D0D348144B346E18EA2A91BEC66A06BD27229A2E31341E6001E455592F36A9C1AA4D2B37734C0327935562D4495EE1A4CD30F1C9A4039F96993C8A88493CD162E31B156F67DA9B41E714B66984DF8E4F3504719BA90B3E700E0568C68238F02A8B14AE17EB483E5E29572C6A4484B1E41A9B90D8C542C7804D5CB6B7E848A7DBC0506540FC6AC34A91A12E4023D295CCAE48802E47000AA77BA8AC3FBB5E49E38E6A09EF9E5F961E87DA8B7B2DC7CC94F3D7AD215AE3AC2DD99DA77E8C38CD69060A3155CDC246BB57A0A85AEF20E29A438C742EB4AAA3A8AA8F7C06541AA6F2649E4D479C8C7714EC1CA49E73B3839EF4CD6670B638CF7A68059BE959DE20BBDB104CF3914171892E907301FA9A96FBA2FD4541A29CDB83EF53DF7DD1F5148D1EC6BE93FF001EC7EB57EA8E96736C7EB57A91CD201D28A074A2A4842D14514C614514500145145001498CD2D1400038A320D145001814534F03342F4269096A150DCDC082324902A467010B13D066B96D5756324DE5A938CD52348C6E687F6B333904123E956EDAFC4ADB4E718EE2B32D9E33000305AA543B01E2A958D797436C48B827238A47BA8E352723F3ACA49DB18E6A19B3203F311F8D4B48CF96ECBA75A8BCED84FE357E299654DCA723DAB89BD5612EC527039CD6CE837C76F90E7F3A9E529C343A056C52D354E4803A1A7516B18DACC29052D148910F23146DC034EA41C532968666A7662588CA072A2B3ADA4CAB46DD7A735D130050A9EF5817B6A61B81281819CD5A7A1B425AD8A92A79259B07D69627317EF81FBDCF15665513C1918C8154A29304C07BF141D164D1BE928B9D3C9CE4814DD2FE5CAE7A0AA16772220D0E7823156F4E6FF489029E2A5A39271699AC69A69DD6931528CAC43389768F28807BE6A93D9DC4C7E623F3AD303AD20E94D0968654BA1C524444993F8D705E23D252D2E9C44A4281D4D7A9D73BE27D3BED16CCC1464734D6C74519D99E5A060115185E4D5A9A230C8D1FA1AAED91C55C59E9C249A19D288C64D2639AB36F177AAB89EE588230066A42714AA30B8A315371310352F51460518145C430839A557229F8E29A452245DE7BD48BD3774A814F6A954F6A06D2B1A563A8B404658E057470EA514908208248AE4A284CC42A83935D0E8DA24A5833E719F5A4734AC5F82CDEF1F760E01CF35B2A89676C57001C75A9E0B65863030320553D5242A8AA3BF153CD633B90C71CB74E599BE5EB57A1B38939039F7A669CA16DC13D7156FE5D9DEA1B06C6FCDED4F39C5340039CD1927E949327715466940A68E07279A89E629D48AABDC1264E450141A8239C3F715329E38A862B34190C4AD472A028548CE6A4EF4B8C8EB55165459C5F88749DB21741C63B572C14862A6BD4AF2D44D0B2E01245703AC69ED67316C601AD1328CB0769A4A5DA492FE9476AB4C9194BDA9297B1A42128A28AB18B4520A280168A4A2802D962CD9A297A0A68E9D6A62ADB9DFA2DC70C0535358DB35CCBCA9C536D2DDEE25014700F35D3D9D925BC40E39AA68C6535D092D2D16D9381D2AC33A852CC7140C95DC718AC6D4F51552D1213914BA591CE9B932B6AD7E5898D5AB1B6E324F534F259DCB31A4E08E69C5773A69C6DB8DF5A51E940A2ACE8B5901E94DC53BB5263152C5A5829318A5C51488B0B4A0F14D1D69DD39A0A367418D924CE3826B7A781665E3D2B37448C98F7606056B838395E82832763343C904A01C85EF5A105D2B0E1A9258925182393549EDA588FC9DBDE830713596775E14F1520BC71D4D64437A63F964EBF4AB4B72B28E0F4A9B12E2AC5F17AD4E17AD54864F42283BA90AC680BD38EB47DB4FA8AA0A0919A39A2C162F8BE38EB4DFB69F5AA607BD18A120512D7DB1BD69A6ED88EB55E81C75A761F2927DA1CD279CF4C0476A4FA516172A14CAF9EB49B89EA68C11498A2C3B20249EA685C514A003D29A0B0BC53718A3A75A826B958E3639E47A531A4C964916042C4F354079977264038CD22896E5B93F255F822F2970A0503D848A354500751D6A655DE714F8ADFCC248FC6A72D05A0CC84E7DA93139091D992335677430A7CE4640ACD9755DD9100FCC55563713F32700FA1A46766CD29B5645C88B93F4AAA6496E4FCE700F5ED50C56C89CE493EF536E3D3000A121A8924445B8C2F3F5E69CD72CFDF1F4A8391D391EF4727AF1458AB0F0E4F73499A40314B8A2C3483229507249E8693148FB828C7734582C0F208F2C7D2B93D7AE59E6001E370FE75D25E301181DC9AC5BBB0329CE39041AA2D1ABA32E2D01A96FCE40FA8A34C5DB6FB7B8A4BE3C0FA8ACC24B43674A18B6FC6AFE2A9E9C365B60F53CD5CA0E4968C074A281D28A9250B4514531851451400514514005145140051451400D073914D070483D295BE5031DEA0BC9D6DE02CC71C51A0E2AECA7AA5E0891914F2DC5739E40918E49CD497177F69989C9C66946DC641E6A5B68EC84342189DED672589DB5A62F237C329AC9BB75D987CE7DA9DA5466490AB13B71C73583A891A34AC693DEAA8E3F9554B8D4C842467F2AD3FECF8481BB351DC6950794719A8F6C66A2AE645BCE2E10C8DD738A994B5B48255E2A9329B5B8318CEDEB561AE0489B6AA1553346958EB34DBA13C19C8C8E2AF7AD71DA3DFBC13047C8526BAD8A4122020F515D11BB5738A716992D149D07340E466A8CC29053A929227711B8527B8AAF79009ADCF1C8156072307A5200395F5AA452766739037972346DD338A82F22F29FCD51DF357F53B7685CCAA3E5EB50851736BEB81CD33AE12BA29F26D8CCA7E603352E83725E76DC7938A8ED81591E37FBADC0A2C945AEA27B2B1C0A5D0A94534D9D6F6A514D0C0AE7B5283919ED5163876DC297029074C9E94B420B054177079D6EEB8CF06A7ED4990A0E7A1E29827667936BD62D6F76EC46066B164C75AF44F17E9DBE269500EB5E7CD18248C739AB8B3D0A32BA228D327A55D89768A48A2DBC9A94E1455366C277A7520231EF499A91EE3A93BD03BD2819A0420E94629477A3141235536E48A96DE0799C05048CFA53E085A7708A3AF15DA689A088A35925039E683394EC43A36878DB23AF039AEA238D224C28031ED42AAC680200001E94E03E507B543399CAE0A49049E9593A89DD3C4A3D7FC6B598E548159170C3ED480F5079A9608D1823C4617D2A50F12295279155E6B910A649E0F4AA88924CFBF2769E9CD0921346879B1E376EC8A85F50863046EA8DAC49C8DC71F5AA92E8C5F3866FCE9D91514BA8E9F558B0763FD2B39EF6E24CE3A54ADE1F901C86248E7934F4B4991486514D2B1AC6D6196774E1BE635BB6F2065CE6B98B88E78DCE055AB2D47CB20499FCAA19124BA1D170680702ABDB5CA4CBC13564E00A11908C0F26B135FD345CDBB305C902B70306E0531D03A94600834D148F2B9A3684B2118E6A0ED5D3F8874B686469028C75E2B9A287245689A191E68CF14A460D18E2AEE48945146698C28CD252D0019A28A2802CAA966CD3C71204ED9C52AA16976273938AE82CB42DF1798F9CE335CF52B58EC93B92E956912441FB915A406463B0AA1123DB4855B217B558B8BD8E2B7386E71453A9CC73F2DD906A57CB0C6429E6B989653331727934EBBB969A63C9233509E0E056F15D4D211B313B502933C528AA47444293D6969BEB4CA1696929682433499E69693BD4D841DE95A93BD29E94EC1D0EB34219B538F6ABE470C2A9F86816B53F515A122E19A91CDCDA8C0323DE9B8E706A4CE05000239A057216B4465CE39AAB25B48A7E4CFE757B247028DFC74149019E1E58BAE6A44D4368C30FD2AD9457EC2A36B443FFEAA771F2A04BC47192719A916588FF15547B02492A4E3EB517D8E65E84FE740AC69068C721A903A1FE2359C21B800E324FD699B6F07441F9D03B58D60633FC468C478FBC6B2775E8FE01F9D22CB7A0F283F3A02C6BFCBFDEA32BFDE3593E6DEFF00707E749E6DEFF707E740AC6B8DA7A1A42CA3B8AC8FF4C639231F434E486E4F507F3A02C69F9CA33C8A89EF9541C75AACB6739EB9FCEA54B40BF7A80B109B99252540C669D0D9317DEE4E3D3356D238C0E00CFD29C15BF0A06316354E17A54D1E738A6E08C9AB36B17F13700504C993A0115BB374358D24ED34C54F4CE2ADEA5798658A2390460D55821E7711C9E6910913A4288B9EF4E18C71D28033F4A5031C508A42D14514C61451450047453E8A005A4C8E73D07345417522A2000F24E2801B10FB4DCB2F5006692E6250E40EC2AD69D6E6357948EAA6ABB0243487A1C8A904C5B0FF00547EA6A3BDE4AFD47F3A96C47EE8FD4D457BD57FDE1FCEA4D0E86D06215FA0A9C74A82D7FD4A7D054E3A50714F701DE94D20EF4A6A495B0B45145318514514005145140083BD1498A5DB480077A283D28C5021ACC02B16E8066B9FD42E0DCB98D4F4AD1D42F15233183F374AC7B6898B173DEA946DA9BD3894DB4E6504827239EB551E6961E08CD6F1F93731EC2A8796B772E540C67D2B1A92B23B22EC88ACAD8DDE4BAD5A36DF636CAF42715A56D6E90C40003F2A82F50BA7D0E6BCB9CB521BB96633BE10694FCF19155EC9F74657B8AB2BC291DAA79AE80C43123DF9471DA9F71A6792FE620CAE29090751DA3AE2B61546CDADCE45109D9818DFBB90009C30F6C56BE977848DAC7A7154EE2CB6B168F354D2E0DBCBCF4AF4E95656B19CA374760AC1BE94A460F078AA7637093C4369E6AD2AE0104D6EACCE592B0A2969A2968B5898BB00EA6803068141E684EE1BB2BDF40278C8EBC56341FBA91A13C02715BF8C8C562EA5098A6128E99C9AA46F07629DD4462937F60734D0036D9476E6ADC989ECD88E4E2A8DBB623688F50314CE84EE8E874F9C4F00C9E7157147CBB6B0F499BCB6F2C9F6ADC3D691C535A80E06297B9A6F734E1D4D4B22214DC678A5FE949DE825AD4A3AA590BAB465C67826BCCEFACBC8BA704639AF5A61F2303E98AE17C4B606394C98E09A713AE8BB1CC6DC0A6915315EB4D35477277444052D146714902D0281C51428A60D8E1D29477A41D29477A09357C3811EEC07C75AF448D42C402F4C5796D95CFD9A75653DF35E81A66AB0CB6EA0BF38C549CF38B35782081DE8DC540040A8C4919190DCF6A43322E32C2A4C394909015B3C560B906FCE09C035A7717D12A900E6B9A96F4FDB1C8F5E28344AC8D89374F72B18E541AD458820555E82A9692BBE332B8E48CD69274627B8E291370EA78A4C508081834EA0621E86A31B0F503F2A90F434D50BCD02431ADE171CA8FCAA0934E85C7CA0039CF4AB631463D29815A1B5F24F1D2AC1E9D69E071CD3369CD00403789B03A62AC7439A50AA39EF483934014F51B25BA898119E2BCF6FECDADA67C8C0C9AF4F20608AE77C43A62BC4CC839C7A5241D0E1382A7D6983B8A91E368652A7D6A32306B689421A4A534954485145140051451401B7A6DBC8930675E33DEBB2B5923684283838E82A80B5458FE50071E950E65B725B2702BCFA906CDB9AE5FBE843404B71B46411DEB8CBABB95E668FF841F5AD6D435EF313CA0464706B0B76F90B55D0834691571480A69BD49A56396F6A4EE6BB96C6AA361314A38A414B4CB4140A6D3A825882969052D2120A3145140098A71191CD20E94BD8D00CEABC2B3A9531E7A9ADEB8B66EABC835C0E9B7A6C25DD9E339AEAECFC49049180EC2A6C72B83BDD139F9480690B8A1F53B390122419FA5462EED0F264A760E5689508A32A060D45F6CB5CED59326A459A04059DB8ED484F442E73D29CA8E693EDB6CA3A8FCA81A9400F047E545CCF99922DB4A58E0715612C9B1F38AA726A79188B04D320D56446C4A0014AE1CCCB8F667048AABB769C115AD05C4770995239155EE6D4F2569A1A97729150074CD26D523A0CD2E0AE41A40B4CA4C4DA31D052E07A0A5A3141498DC7B0A50A28EF4A282AE18F7349C8E9CD2F6A071D6826E00E472052704E0134A082702A782D8B3671C504DC6450F98401CFAD497970B6F0144C6EC54EF24763131623279E6B172F733976276E68213196D117679242492723357074C018A0205181D29C3A505D841D281D281D281D292043A8A28A630A28A2801BCF6A4C9E829738069146012684035DFCB524D515DD777414F0A08208A7DD4BBD8AA9ABDA55A81186239A0965E6021B3C0F4C5673A83A703DF755FD4CEDB5403A920554B91E5D82A9EB91412B71964008B1556FD80751EE3F9D5CB7E23ACBD55F6C8BFEF0FE7599D0757687F7231E83F954E3A555B03BAD94FB0FE556874A0E29EE03BD29A41DE94D492B6168A28A630A28A280128A28A4003BD008C1F5ED40EF49824E7B0A600A78E7AD417172B044589F9B1C0A95CAAA97270073581A8DC8B89B6C4C4807B522E2AE577924B9BA3249C293C62AD9211001D077A6C16E4C6148E475A74E1426CCF3D29CA692368E8539E5676091F209C1ABB6702C230067EB50DA5A94259C6476CD5E5C0AF32AD4BB354F414AF39CD4728CA118CF14FE79A6BFCB1B7D0D71DAEC5D4AD6002CA79EC6AD1E770ED835850CD2B5C36DF7A9CFDAB04807A7AD7553A4DA28AA670BA910C706B7E3F9A30D927815C94704BF6B32499073FD6BA9B3915A1C679C544E9388139031EB542F6CD64424707DAAF0C83ED4A006E0F4ACA336988C8D2AE65B7B8D8FF773DCD7531BF99187078C573D796641DD18E7DAAEE9777C792E7935E9D0A89A309C6E6A83CD2F6A0608E28C5755EEB439DA1073D69DD2900A2A50216A95FC02681F3D871574714D750C857D6AD151673D63905A27E8BC0AA93218EE988E84D5DBB5FB3DC647009A8EE50345E60F4CD33AE0EE8485FCBB8475E43119AE911B7E7D07435C9C521DA09EABCD74BA6C9E6DA2B9E49148C6AAB16338A40683D6956A5982147A534633CD2F6A1467340341C31AC5D7ACFCF888DBD39CD6D6369CD3654590608069C4A84AC7944F0CB13B061800D44CA71915E85A868115CA1318E7D85721A8E8B716AC4ED381547542A19047041EB4C2AD5395E0AB70D4DD8C05246D195C8F0475A1734BB883CD1BB34CAB8B494B450026DCF3D2AC5BDCCB11CAB9E3B66A15E694706A5EC4B469AEB57780371C0F7AB7A75E5D5EDC6D762003D41AC55390547535D6786EC7E4F31873C1A93271B1B16B60AAA0B316FAD50D5A1B78E68C9C2927B0FAD6F1C2C64FA0AC2BB80DF5C6013F21ED48CEE5EB3BA81200A0F0054ADA94471CE307B5320D2D44782C6A45D322EEC68100D4E227EF53D6FA23DE9069D101F78D27F67A766340130BB888FBD4A92A1CE0D406C300E18D2C56CCA79CD0245B5C638A504F6A628C0C545706411FC839CD3026C1279A4F981AA30B5C16C107F3ABC80E391400EC718268518A5A280108AAD7AAAD68E5FB55AAC5D7EFD60B56507922944670DA915374E07626A975CE7B549239967627B9A8DB0322B688C69EF494A7BD154489403476A683CD003A8A33C51401E880E4FB550D52ED2388A9C67A55AB89443116270715CB5F4E6E246C3123352E299704D955FE6767CF0680CA0629470369ED4607A55C6291D518D9098CF2281CD3A9A69A562EE369D428A6B7140EE14EA6AD2D027A894E1D2900E69D8A625A09452E29281880528140E94A3BD0161A46FEBDA9E8C1780C4520E3A518A560B21DBA4FEF9C501E5E47986939C503BD1627949AD64759C6F90E335DAE9090DCC3C90C40EF5C32F5CF7AD3D2B526B49705CE18F4CD2B686528591DAB584041C28FCAA9CB6D1C6C7E5157AC6ED2EE1CA919C76A6DDC7807DEA0E6BDB7282AC49C803E94C96249076069DD0E2976F140E366578E492D5BE424A83CD6DD9DE25D276E95945030208EB55FF7B6D26632700D0825136EE2D3712C0551642A483562D353475DB2100FBD5A681255DCB839A6992B4DCCBA51534B0321381C5438C517294AC36945200C474A548D8F634AE3E6D05029554B7153C768C7B1AB91DB2C67819A5CC47315A1B327922AC3BA5B42CC70314EB8B98ADE324900FA560CB772DCCC57276509DF405A89752BDECF852768E38A99546CDA8390314D8A2D9D38A93A74EB5562E2AC19C8C771C1A0535475A753B15701D2940E292947028B5812168A293B71400B450318E4E0D346403C647AD00191C93505CDC8552ABD6A3B9B80A36AB649ED51C16CD31DCC49140EDA096B0348FB8F4AE82CA3C2D53B78D57E50056885D90823820E4D4DCC9B28DE379B75E49EC41A8756F92DD57FDA1530FDEEA24AF602ABEB67EE8F4228147563A11841F4AC1F10CBE5BAFF00BC3F9D6FC3FEA87D2B98F11B833E0F6C5115CC74B564763A24DBED17E83F95695739E159F75B6D279CD746DEA2A64B94E4A8AEC052D047CBC52018152B5325A683A8A28A65051451400DA7514D071CD20414ECE14D3719E955EF2710A633C9A761156FEE4B46D027DE231C562D9DA4B6D3969B3827BD6CDA5B99A43330E3AD59BC815A22428181D693D0D20EC465E38ADFCCE39159603DC4DBF9C67355C34A6E1A3DC4A83C0ED5A70C6113A62B86B54B2358AEA3D42950A3A8A42B4AA0738A4E735E7DDC99A2140C0AAF7936C818FB1AB1D4550D578B6FC6B482D522CA1A6481D98E01E4D692BE5080A2B274604CE548E3078AE912D3317030735EBD18A488E648E7AED0ACF8C60E2AC5948CAC0678A7EA96ED19071CE47351742A40C600ACEB4135A0E2CDA18280D333B4D476F26F8B1DEA5AF2A70B31B43815287755278DA0944E380B56F19A3018104641ED574EA72B3368B36573E68ABB8C8CD73EBBA09B7648507A56CDB5CACD1E01ED5E952A97461244DCD2F5A31EF495BDC80140EB49D28C648C534C48CDD560C8DC3B735462FDE4450F615B93461D58119E2B04661BB71D0138029DCE984AC5271E5BBA7A715BBA2C87ECE133D05646A11ED2580C13DEAE6872E5719E7141535CC8DD3F7734AB403F2E28A56472376169B83D69C31E9474A9B0F701D290914B460FAD52D0968140C1DBCD55B9B28EE10AB28C9AB438E86939A6526D1C6EABE19215A4894E7D857373DA4B6C4875231EB5EAAEAAC30D823DEB2F51D222B98CED8C027D05099BC2A5B43CDBE560477A8F6ED26B6B50D0E5B66670A71590D9C90CB8238A68E98C934478A5A5DBC64522F3C5068B51538E6973924527DDC8F5A701F99A97B09A2F6996DE75CA29E726BD02C2DD6DA0000C715CE786AC8E448CB9C608CD758B901C638ED51739A4FA0C9D87924FB56769EA5A690D5CBB6C5B3F638A874AC88CF1924726822DD4D15185A40073934A01239E28C6071CD02B89B7FDAA303B1A3231E86906DF5A602F2280734657D6928017A50083918CD03914719E28010019CE053B3CE2969B8A005E68E69AC7031DE971F266913CC2F635C4F8AE5224DB9E315DA0E2326B81F12CC1EE48CE719A48A4608E0669A7920D381C9E698BDEB78AD0A168A28A440DA414B494001A28A2803A2D4B502E4A29E3A566A8DB963DE90B6F3B98F34139C8AD0EC842C263A9F5A2807B52D52374B4138A4A5E2803934084C806A227269D21C714D419A2C161EB4EC71D6914528E94582C0052E28A2815831498A5A4A02C00714A075A414A280B0B9A3345154019A05140A0005387AE7A53734A3183CD4B092BA36F45D60C12042DC671D6BB14923BB803020E4579A46029DCADC8ADFD1F5B685B64A76A8EE4D43472CA06F4F194761E95129AB7E64573179B190C08C822AA95C3115362146C19ED4602E4101BEB41140E060F269A43DCAEF6B93BD0904761535A5FCB03EC901DA3B9A58F39EBC7A524A824CAE02FBD1621A3561BB8675C1232694DA293BBB560E2580EE424D5BB7D5DD7E591703D4D22794D3FB28ED522DB01CD544D56DF19320A57D5A1C7CAE09A913B9786D51D8553BBD463B7520306359B3EA33B93E5A939F4A8521697E6958FD0D0351B86F96EDC97242D488823202A823D6A4550A368181EA282700AE33EF4D6E5A5602D4839A02D2E315A5CAB06314519F5A33EF45C2C02957A1A414ABD0D2042D276E28E94C79951589238A007B150A4B1C1AA135E36E288323A66A292596E1FF779C67B55CB7B650B97009F7A0082DEC8B932484E0F406AEA009F2A8A70C8E00C0A545F9F039347406F42DDAC0DC3355AB97090B7D29D002A8030C553D49F6A2A83C938C543660DDD91E9884C8D21F4AA7AB9DD7017D08FE75AF651ECB7071826B13503BB50207238A3A170DCB483118FA5723E206CDE607A0AEB7244647A0AE375970DA81C1CF15A51573A24F535FC3170127084F6AEE061A3CFB579BE95379376A49C0F5AF42B490496C0E723028AC8E493B92E7028CE452630B93D2940C0358AD8CC75145140C28A4E9D681CF4A005A41E94671D6933B54B1E07AD0036691628CF3DAB2D11EF6E39CED53CD1733B4B2ED43919E7157ED6110C4481F311CD3D90921E1426114703838AA5A9DDF96BE529E4F156A794430B484FCD8AC78F377234B27F0F22B9A73B1AC6371D6F6E1577B0F9BBD59DDB81029AA73EC2942E3A579B5657374814114BD45282483C522720AF715CF17663403806B3EF9B7AEC1EB57C9F95877C550853CFBA20F200CD75D157920BD909A5DB04BC231DABA251818AC45220D4B1D06056E4782B9F6AF5A0AC8C64EE51D4ADD5E1248E4565450F991138E8715B9760980FA552D2235785D4F5DC78FC4D29AD051958CFB494C72153D335A20E47D6AA5EDA189FCC03001EB566260D16E07200009AF32B42C6EA571F4DED4A3904F6A502B8F6655AE3254122103AD416D335BCA412719AB2BF29A8A7881F9C75AEAA352C66E26C452078C303DA9D597A6DCFDE8E43824E003DEB4C7BF7AF4A9BBAB9CD256618A553C1CD1C0383467835B244EC28C1CE7A1AC2D4E131DC2BA8E09ADA27E5E3AD54D4A2DF6FB80C9032691717A995740490E7DAA9E99398AEFCB27192055B87F790ECEA40E456431687575C700B8AA3A6F747720F1ED4EA8A160EBB81C8A9474A472496A03A1A0503A502A4485A28A298C28A28A006E38C51C8EA38A338A5272B4093D4AB716915C46558039AE5758F0E11B9E107A7615D901C1A4281C1565041A66CA763C92481E090AB8239EF5160F6AED7C45A2800C91A8E9DAB8F29B0B291C838A699D34A571A177119ED53D9DBB4F74AA06467150F2A381D6BA7F0DD8799FBD65E841CD4B2E4CE8B4CB65B7B7518E7157FB1E3AD32351B768FE1A731C2E71903AD66733DCA77E488CAFA8A5D3D1920E075154753BC1B82A7241E6A486E26FB3A844278E714C7D0D5E00E5B14C33A27F166B3B6DD4A792CB52476121FBD29A64161AFA21C1233447791B9E314C1A7A8E09C9F5A963B444F4A432652AC33C521EF4B800600A4C1A621E0F140EB48B914A3AD002D1451400C20739A563F2E050791498C039A09B6A325F9626E7B579CEB3279978C33DCD773AB5DADBDBB163818AF39BA98C976CC39049E688A2D2212304D314F5A739C9A6815AF407B0B499A4A29121494A292800A28A2802F7149DE94739A4AD4F492B00A5A28A68614671934B51C870B4C48631DCD5228C0A8E25C9C9A981A0620A514668068B00BEB4D14A7A502900DA28A2800A28A2801F45145512145145001494B45002AF7A786E0D460E29435489AB9ADA76AD25B9F2DC9D83A03D2B7A3D420B91F2919F6AE2B7F626A48AE248583231C7B54D8CDC0EDC640E79A3AD6369FAC064DB29C9F735AD14F138E181A464D5878E283D38A53ED480E4734136100C8E69AD6EAFD714B8F4A500FAD02B15CDA282700629CB6800E82A7A4C9A56128EA351025480D3473D6968B16A3617340A4CD028B0AE2F34734B45301841278E94E0401EF467008A681CE49A00304F4A7678209C62A2966545E08354A5BA794954041F6A011627BB58B2A0863559165BA7C8C85279A7DB59173BA639FAD5E545886100C7B500322B7584718A7E7278A0827BD39400280019C7356AD23DC770AAC8B93815A3649B530D4AE6726594FBB93DAB2AE0F9D7DB473820D68DCC82281B1D7159FA7C65E433377ACDB324CD35F96323D0573B3FCFA8B63D2BA0938463ED5CFA0DD7ACDED4FA1B41165CE118FB1AE1B516CDF30AEDAE1B6C2C7D8D70F7037DDB37A135BE1D1A4DE868E9B01964181D2BB6D2A41E47967A835CB7875034D83E86BA0B5630CFB4F426AAB2391EE6C9194C528E94D53C8FA528EF5CC1D07514514804EA281C0A51D0D357AD002E39E7A550BCB923F769D3A7153DDDC048D829F9B1C554B384CE7738FCE84226B2B618DEC3AF35649033ED4FC045DAB55AEE658616E7961C5293D0B8A33AFAE7CC98463A6714E8D3CA500743C541047E633487EA2AD03F21CF515E5D69599D505A0A1703149CF342E71CD3BD6B913B95601D2901C313EA3141E8691B98C7D68B5992C6CDF2C4CDEB4CD2622D23498EA29976F88C27BD5FD36209074E4D7A1878F5224F4285EA14BD1276E056D4041880F6AA1A8C3F207EE08AB562FBE2CFE15E85D188F9C6E8D87B1ACDD24ED95D3DCFF003AD661953F4358F02182F093D09346E05FBC84CB0B2E3DEB2ACDF69685B8C935BE0ABAE7D45605FC26DEEC4ABC0C5735685D154D9687076F634A7934D8583A6EEE052A7F167D6BCB9C6CCE88B0EF4E2A0A5211480E294341B2ACE8D0912AF6E78AD3D3EEC4F17CC79155B6890156E86AA46ED6D7414642935DD4A76D0C651B9D00E412693B714D8E41246369CE453C0C0C577C1DD1CED00EB514C3740EA3B8A907534A0641069BDC2273906619DD4F7E2A96A306CB94900FE2CD68EA6861B9561C026A3BD5F36056EE39AA3A62EE8D7D35F7DB29ABB597A2BE6D40EF5A83A52309AD4074A0503A520EA6A4843A8A28A630A28A28013A51D68A00A424148BF7A9685EB42137633B59FF008F37AF389FFD7483DEBD2B5619B37AF359FF00E3E241EF548EBA0EE2D9C26E26080679C57A069367F67B6031D40AE5BC3B67BEE4311900D76EA36A003B0A4F62E6FA0A17693EF51CEFB236CFA54D8E3E955AF1736EFEB8A8B18DCCE86D56E5D98E2B520B70881401C550D2B20BE6B4C123340DBD050805038A5C9A5CD326E14519A33405C28A28A06145145001451450034F4A6E70A49ED4EFE2F6ACFD56F56DA063900E290D239AF13EA61F7420E4D72C4E6AC5DCC6E6ED989C8C9AAE46335B451560CD373C504D369922E7EB467EB4668CD4921494A292800A28A2802EF14714714715B1E98B4138A4340C9A690AC28E066A076CB114F95B0A7151C40B7CD4C122545C0A70183D68030296818628A28A005A4C514500149C52E28C52B009C51C52E28C51600CD19A38A38A616169B4BC51C50160A077A051420B0946334EC518A02C264100639A72F031498A0548850181CEEC55AB4D4E5B797610587AD55CD3E32158311DE821C51D3DBEA3BC61A3207A9AB8B246DF75C13E959DA7247716F9046714EFB34B0B97424FD2A0C64AC6903E8334B93DF8ACF4B9963FBC0D584BC46FBDC508CCB2071D69A47B5356646E558014E520E70E281A170D4DE7D0538FFBE29BD3AB0A063B148339E94D3228FE214C3708B92581A09B13E4FA51903A9C5536BF00702A169E5933B41A0762FB4D1A8E5866A9CF78C72A8A7EA29915AC9264B9C63D6AD456CA839C1A02C568A2965396C81EF56E3B74419C0CF73520007DD1475EBD680B0B8E31DA803B5140EF40EC1820E334720F5CD1DA8452CD8A04F42C5BC64BE7B0AD40A00E3B557B58B6A927AE2A7DC2388B13CE2A5BD4E793BB28DF49E61317BE2AC59C5E5DB84EE3BD538737173BBA8CD6A2800E07402A48D990DC1DB6EE3D01AC1B56DD231C63AD6D5FBEDB727D41158B643827EB41D3455C5BD38B723D78AE46687CB9DB2739E6BABD45B10E3DEB9A9C6662735D3411557446BF8687FA4FE06B7AFA330CE250723038AC4F0DAE27CD74B7B1799096C74A9ACF538D6A58B7903441C76038A9BA8ACCD3262D98C9E86B48715CF61A62F349834B45485844EF9E298F2AC4A5890314B2301C93802B2EEA66B990471E71D0E2A80501AE6E0100ED079AD281020200C014CB68562882E3248E6A6C80001D6921033F07DAB0B5294CD32229E14F3FAD6A5ECC23858E7922B1ED10BCAF23F42723358D69F2AD0E8A712D431F96A0FE94E619390703D295BA6050385AF1E52727A9B2760072338A4A51D2929C52409DC5EC7DA93F840EB834A39E29321777A0146EC6D142EA5537014903915BB6C008C63A63AD732F6B25CDCB4899C0E6B734DBA0E3C87E08E726BD6A09289849E85BBC8CBC2C31D066AA699262368C9C1C9AD1760108EA08AC78018F502BD06335B98A6CD85C9E08C5676A31EDCCA3B5690208CD56BD8F7C069C46269D379F09246307151EA50078180EBEB50697204631FA9ABB76C040CEDD00A992BAD44B47A18F66C16365CE4838C55A6EA31E9589692BA5DB16CED24D6D29DC3776AF26B2699D30771C0E29052D256117628338E879A65C421E2C8C640EB4F03228ED8AD54ADB05B4D4669D77E5B18E43DF1935AEB8619CE41EF5CD5F23C40BC79CF5E2AE695AB09516173823839AEEA151BDCC668D9C8C919A560453703960734E272A73D6BAD98995AC43BA3461D8E6A9467CCB42A4738AD9BD8BCCB7C7A0AC680637467D3155736A6D93E88FB58C47B0EB5B79EB58361FBABC707B8C56E8FBA0D029A1718A318A53477A4642D14514005145140094518A3148033483804D2E290F434092BBD4A9AA7FC79495E6D70BFE94E3D4D7A3EAA7164FF4AF3D64F32F5F1EB4CE9A5A2D0EA3C3F69E4A6FCE73835D02724E6A9E956FB2D90E3B0ABAA319A96C1BBB0CE09150DC2EF85874E2A7EC6A371FBB61524AD4CED39C7992AF42BC569A600249AC28E530DDBAE71935AB14C0AE09EB545B8E84C274CEDC8CD3C118C839ACBBB5F2C19011EB55EDF59C36C393412A2CDDDD8039E7D2933C66B25F59841C60647BD491EA465C6D5383481AB1A79C0E68CD31240E992B834E1DE9885CD19A28519A004240140E79A4C1CF5A4C9CE2B3245246D249C62B8CF125FF00985A2538AE9356B916D6ADF3609AE02EE569E52739E6B48A35846E50E509C9CE79CD26FCF6A9A68BF7648EB54F24135B236E44912FAD3791429E2939A4734934C28A28AA01734668A2A04145145005DA5A077A056E91E9876A6138CD38FB54333855201E6A92018CFB9B1534698502AB41967C9E6AE74E9400EE829077A281C5200A28A2800A28A2800A28A2800A28A2800A28A2800A28A280014A3A9A414E5EB421A0C518A4CD1934085A4A3146290099A783BC6DF4A611C1C53A31C75E6908D4D2AEBCA6F2F757468711E71BB35C5C64C7287CF39AEA74EBC59A10A0FCC2A0C648B6F12483918A81EC10E7040AB24FAD0013D0F1491899E6CE543F2371ED4DD972838635A9C8E052734C46416BB1D0B7E54E51767AB1FCAB5314E0050066ADB4EE39634F160C4FCCD915A19FAD192460D00558EC631D7153AC31A0E00A771462800049E9C0A33EB4518A000123A0A41C8A5048E94DCD34343B1462937500F34805C559B48B71CE2AB2AB33FB56A5A20553814AE672658450060551D46E307CB07BE2AE4B26C8D8E71C7158E9BAE6E496E4039A832BDD9A1A742123DC4726ADFAD3502A26DA71FBBF5A0932F587C5B0F738AA36A310935675C3FBA551D370A8ADC01160F4C5075D1D8A1A8B663FC6B9F9CE25ADDBB60D70C87EE819C5615D006E703A57551D08ACCDFF000CAE64CD75654344CB5CDF8663006E02BA539CE16B3ACF539A264420C17447A935B087299F5159FA8C5B0F98831EF562CA632C592DCAF15825A14B72CD1499038C555BCBCFB3A961CFD28288EF6E37298A33C9E38A5D3ED7CA0CEE393C8A8ECAD8BC9E739EA722B4C01D33D299988980496FC29A48C93E94E6E48CD4370CB144C49C7152DD95CA8ABB3275098CB27960F00E2A5890A44A075C7350C31892767C719CD59CF240ED5E557A8DBB1D5056051D7340E98A5CD2018E95CD05D5962E38C525193464D26C107201A8A66DB0EE3D4F15264F3552F1C9551D39AD28C5C99327645DD2A1C2124704114CBCB536EFE6C5C1279C55CB20AB6ABF3007352B98D94876078AF669C1A8D8E66F521B2BA59E2DAD826AB5E2F91309BB1205569996CE7DD130552474AB17D325C5BAED20E0835AF2B42D0D3420C408EE052B00C854FA54168E5EDC107A71560FB75C5492631FDCDE803806ACEA92FF00A115EE7151DFA049839EB8EB55AE2E166BC8E3CE1368C8F7AAB5F42C74DA7A8B412281B880696DE40630BDC715A2423C21038E9D2B1E3610DD98CF424D71D6A3A5CD20CB83A52D20E7914639E2BCA92B3B1BAD45147BD2E001454A621AE8AE9B48AC716C60B9778F8E73C56CE0556BA438063E31D7DEBAE8CECC96AE5BD3EF18FC8E7F3AD1386C15AC383F791FC9C381C9ABB6B77E51F2E5393D2BD483E6473C958BC46EDCA7B0AE7A63E55FBA8E99C57439C9DCA3AF5AC3D56202E83A8C127934598E98D0765D823B915BD1F31835CF4AD8F2C8FBD9E4D6EDB316B7539E69A1CC9BA8A283F773EF455188EA28A290C28A4E7DE92800A28079A2801690F434B47635225B99BAD362C5FE95C1DA9DD7ADF5AEDBC40FB6C5C67B57136247DBC7A13CD1D0E986C7A1D9102D13E82A453CB1A8ED40FB3201D302A5000CD047512339DD4CEB914F4C0C915192771238140E2605F8D97A9EED56C121739E955B5407CE0DDC1C8A7C33ABC60E4023AFBD074C55C748649720938A8E3B08C1C9C66A756523EF014C79562E490DEC281B8A452BCB3891FCCE324D6A69912988304CD67396B97055085CF02B774E88C76E0631C5063264E98231B718A5A173B8E4F14B8141980EF48491D29401CD0413D0D2002702A391D6342E6A4EBD7A0AC3D7F511040511B069A438A31FC41A91B89CC6878C573E0E4919E6A37BB6794B139E4D2A48A791D6AE28EB845243989E54D5678B1CD4EDB89DD9A1BE6183CD68916D68531E94B8E29F247D48151E48E0D4D8E794038A38A31C52551958751480E696A080A28E3DA8A00BD4B9A29B5D291EA884E149359F3499723DEAD4EFB57AD525F9A4CFBD5242B176D53806AC1EB4C846129FDCD2105145152014514500145145001451450014514500145145001451450014AB494AB4005252D25002D14668CD2B0077A0021CE0F1466954724E474A44324488CF26C5EB5B5676AFA7E257E33C541E1FB5325D9246460735B7ADC65A2548D7241078A83093265612459069D1B1008AA562E420527A55CC60F1CFD29233B8E1DF346685218668C5300CD028C52D0014514500145145002514514000A653C5329A1A1D4BEB4DF5A722166C019CD215CB36B16EE4D69448156A18220A00EF52CB22C71939038A83093296A331DAA8A79270714FB0B5118DE4726ABDB037370C587CA3904D6A270368ED489888465B23A5398FC94A0605318FEECD02313556DF36CF420D2A7CB19FA54174DBB50651C80054CFC444FB5075525A19337333B7B1AC490E6E4D6C3B677376C119AC50733927D6BAE92D0CEB5CEC3C34BFBA26BA04F9B27D2B13C36805A927D6B6D78040AC2ABBB673C486E104B130EF59FA7930BBC4C7193915AA1700FBD64EA11C915C09230718E702A11468DC5C470C44E4671EB59F021BD90F980EDCF7A8A2492E98173803FBD5A91B430A6D0C01F5CD1663BA268A308BB40E07147DD39C5576BE823FE219FAD42DACDA8CE48CFD69F23EC4DCBF90DD8D656A93123CB53ED4D93C436EA85549CF6E6A9DB5C9BB9F71048CF5AE6AEDC558D20AE5BB75F2A2CB7522A403BFAD0E0300A3B5030063D2BC796ACEB8AB09F4A29477A4A6F45A0C53476A4A2A24B412109C03589AA5EB46F853D0E6B69CE118E71815CB5EC7717376DB0123D40AF430504DEA6536584D7A75882063C547FDB576D93BCE2A1874AB86272A471DC55A8B44B89015C7E62BE8A10828EE7149BB94A6D4AE268F25C920D4F69ABC8B16D909EB56A2F0DCEAB8C8E4FA51378626F2F208EBE959D451E8C136743A15C0B9B3DD9C9CD698CEEAE7B4447B03E44871DEBA049015C835C6D6A689995AE31488B0EC2B906D565370769208E2BAED6F125BB01C93C560C3E1B9590C800049CF22B4A76BEA12D0AF0EB5751BE59CE29D1EA6D2DD0624D493787EE029C107F0AA4FA6DC5B024A138F415A568C5C741C5B3ACB6903C39079C54B1F7CD66E9729316D3F9568A9C122BE6EB46D23A61A8839268A5E99A077C56715A96B71293036B827AF4A76291973CFA517B329EC55809B6B83BBA31AB5716E24513C646473505DA6F84B01CA8CD6545AEBC0E629430038E6BD4C34AEAC73C91D0D8DF12BB24041F7A8B548B2038F5CD624DACC792F1E78E681E2013C1E5E18B62BD0706B533A7A32D3E1A0461D735B7A63EFB65FA5604197B304E41C7435B1A2B66DC73DAB26AC5CF534CF2A285E942F4E681DE9188B451499FAD00264D1834D3201D4E2986E147F10A2C1625031CD151473076DA0D4B400B49DCD2D267193DAA44B739EF134C05B3AE7B57216676DCAB7BD6FF8A27E1941CD7391920AB01DA83AA1B1E8F60FBADA3E7B0A9C9EA2B3F489375B273D00AD03826825EE26700D3247C2938A79201E7A5453BA953C629096866DCC027DC4E2A8FD94C418EE031D2AE4B36DC8561F85430DBCF76E7F842FA8EB4CDA32B14035C3C9B1338CF5CD6ADAE96EEBBA620D5EB5B1488670370EF56C67A0E941329DC860B48624C05E95329C70A38A5236F18A03281900E6832BDC76314CEE69412DED474348603A52E704D203C504800924000528928AF7570B6F0331383835C16A5786F2661BB2326B5FC41AA1DC6246CF3DAB9CC1049F5AD523A69A294B1ECCD411484355F963DC09AA3226C6AA48D9685C47E29718AAD0CBD8D58560C6AD17177148056AB4898C91560F149B770C52071BA29EEE79A701919A5923DA4F14D07028396D6100C66973499CE697341930A29B450234B1914DCED534E07155EE24DA08AE88A3D34569DF713CD36DA3CBD444926AE59AF7AD1EC365C030B49DA949ED49DAB1245A28A2900514B8A314009452E28C500252AD18A05340140A281420168A28A601451450020A28141EF40094A29074340A71042D028A4028602E053E342C557B9348BD6AEE9B6A6E2EC2E32011584999C9D91D36856821B5F318751572D93CFBB9323208C517045B5A88D3AE7156B4D8B65B890FDE3585F53866EECC7BBB66B39C803826A74601011DEB4EF6D96E222D8E47358D0B157647EDD2AE2C706580314500E45156682D252D25020A28A2800A28A2800A28A280128A4A5CF1425701719E055CB4879CE2AB42A5DB835A902845C1A97A19C872A8C963C0159979706E27F257A038AB5A85D79519543C9E38A8B4FB6CAF9EE393CD4DC82DDB41E4C417B8A9C2E2804633EB4BC9C8CD4393BD896EC841B8F7A64C02239EF8A78C8E370AAD7B285B76CB0CE0F7AA576441DD9890B17BE76ED8A9EE70B09FA556B36C4A5FD78A7DFBFC8466AD687A1076464CC76D913EE6B1E0DB2C9F8FF5AD6BD3B6C48F7AC4B7DC80B0F5AEFC3C7991CF5E7A1DFE912C315B60B01F8D5B9352B74E411F9D700BA9CCABB4138A0DE4AC3EF1A4F0D796A70A99DA4BE20853207F3ACFB8F11839099AE63716FBC4D204238504D5C70F14C6A4D9B0FE219893B49FCAABC9AB5C499F98D5148A43D14FE55616C6E9C70A7F2AD234E11134D8C6BB76719635119097CE4FE75A09A1DC39048FD2AF45E1B711967238A27569C51518B30A25F3A7DA33926BADD361F2A1C1EB8AC9B2D3445764E3A356FAAE1702BE7B1B5549E8775156882E32697824834A8A3079A4550A4E48AF2B56CD40E297AD2ED1D88A407143D012003834D18DC453837269A17926A5CAEAC5C48AE8AAA11FDEE2A7D2AD5562E56A9DC10F3A807BD6DC08228C72057A3844CE6A8C708D00E17F4A700B8E001419142E72298278947CCC00FAD7A0D3673A1E00CF18A7638ED551EFAD933F38FCEA37D62DD47DF1F9D35161A05E5A07264C7CC3D2A3B1BC521A293208CF5E2A0B8F10DBC487AB0F6AE7751D673BA48320D5A8329347432933DC844E475AD78D48451C7000AE1B48F1090F9933907D2BA18BC41030E4F3F5A1C18DC9236D40F6A8E485245208041F6AA31EB16E7F887E75612FEDDBF8C7E750E0C94D190D1ADADC938C027356D72407A8F56784FCCAC338F5A585B740369CF15E6E263CA8EAA6C78C0FBC339A50403C034ABF7391934C693CB4627835E7C1B6CD47953D4114738E48ACB37574F2111E719F4A9564BB19DD9FCAB7F64DEA677B17C005482335CD6B36C0B960A7839AD85BA950E1D4FE5556F6759519590E4FB575504E3240E4ACCE6D7E552403834EB22A2E3246326BA6D3F4586E6DF95E71DEAADF787CC2C4C63A1AF69D44D58E54B53438367B900E41AB3A20221C13DAB36CCB080C4DD8559B0B9F2E431E7A561267428DD1BF9E3A8A70EB592F76E24233576D652F1E7BD41CD28D996AA3918229A783C66A95DCB8C806843488259F731E6A1639279A00EA688D4B3914D165CB3521B357877A8608F6AE6A61D293218A7A1A47198C81D694F43462A048E2B5CD36E6694B274FA5623DA4F083BC138F6AF4C68C37DE008FA5559F4DB79C10CA28378C92463786E7DF1946CF181CD6FF004E07435CFC500B0BCC21C026B7D70D1AB7722810AFC0159D792B64A8CD687DE520F514CFB3293B985205A19F6DA7991B7B7D6B512248D428038A176A8DA050170493DE8B05C7514B45300A28A28013D69BB491934A3834A1B352C561A0A80722B275AD456DAD4E3A938E0D5DBEB94B789893CE2B86D47506BA98C782541CF4AA817048AB3C82594B9CF35139CF4A79C6300114D55DA4D6D13B2090C627BD569933564E4F5A615C8AB2DA28818A9637C5248BCF14CE95263B32E29DC2947CB9A821931C1A9D70C29AD8DA325B0D64DCA4D53752A4D5FCE38A8A58C1048A444D1541CD146D209140A9B1C925661452D1489B979B0013DAA85C481C902ADCCD8422B3D9BE635DD147A51235C6EC56A5AAE17359D1A65BF1AD4886129BD86C781939A08E4E28068158122E28C51450019FAD19FAD1450019FAD19FAD1450019FAD028A05340140A281420168A28A601451450020A2814500145276A5A1021A0F2453D462900EF52646294992D8152067D6BA4F0B5A162D2B8E319AE7EDFF007B32C60641205775A75BAD9D9B3630715CF2673549588E53E7DF1887F0E0D6BC4988F68E82B32C23F36569BD78AD5E871581C926275CA8E98AC0D5207867DEBD322B7F1DC541776CB3C278C902B48B1C5D8C98DD59370A703CE2A9073048626E39ABBC6DC8F4AD51BAD45FE2DBDF1451FC59F6A2800A28A28001DE8A077A050018A28CE38A050025281C81DDA8EB9AB16B0976CE3A54B9584DD8B16B018F0C475AB17132C31172780338A76E58509620002B96D73586127971B719C538C5C8C2523461CDE5C79848D99CE09AD43347128556000F7AE222D62745C2903F0A8E4D52E6427E6AE88E1DB32E73B597518235E587E754E6F105BA038273ED5C6B5C4CF9DCFC7D698198E7249ADE3855BB2252B9D24DE25C93B09FCAA84DAD4931C127938AC9F9BDFF002A5B7899AE5720E322AA54A315A17495D9D569E98B71BBAF5AABA8B912041EA2B42150B00FA566CE77DD907B735C334AFA1E847628EAEC12DC47CE49159312B6DD9DC9ED5A3AD49B9B1E98A8B4D87CDB803191915DD877CB1B9C9555C58B4B9DF80BC9E738ABB068170DD40AEC2D6D2258D4ED19C0AB0B1C63A0FD2B9E58AB3D0E78C0E5E0F0D375603F3ABD0F87A351F3015B9851D2936AE0E6B078993762B96C67C3A35BA76AB4B6B14630147E5532E074CD2960074359BA926F71A4355501000E4FB556BFB9F261607B8E2AD2B739AC3D69E76F9508ACE51949591A45586D92826476C72722ACBC88AA4EE1F9D66DB7DA3CB28C4006AC24302FFAE7FC8D71CB0F26F5378CAC80DE8C955527E82855B89B2541007A8C538DEE9D6C094E48F7CD569BC488010800FC2B48611BE84BA9A9637B43C48C39AB2843C7B81C835CBDF6AF24ECA50F19F4AD6D2AF77C2AAE79C5635B0ED23484EE69E33D3B50C7119C75029720671DEABDD4A22858E7A8AE5A54EF2B1A5F4312EB52105CF39254F6A9E4F133B2E1323F0AC59DBCE9D98D26D15F4385C3A48E2AD3D4D27D7EE59480D555B54BB98619B8EBC5570076A38C715DEA8239D4B41C6798F563F9D21663D58FE7480F5A3354A8A21CD88072439257EB40DB9207DDA424F6A44EBCD57B244AA8CACD98E42578156620ACBB813F9D23A0606A08E431B11DB349D348B526CB2A4EEC2B1FCEA5134C9C2B1CF6E6A2560791433719EF4941586A56249AEEE19705BA56F68B79BE308C79E95CF039539AB1A5DD0865209C0CD7958BC3B96C75539D8EC0B15F9988DA3DEB1354D57076C43A536FF541B1446DD47358CF2198926B92860F5D4B750D8D3F5E8E21991493EC2B5E3F105A303B81C9F6AE380DA682BD48639FAD7AB1C225132750ED16F2C676CE40FC454E2DEC64FE21F98AE0C1914F0C7F3A956E2E106E0E78F7ACFEAD6D50954B9E816F14308C46463EA29F222BA316C118ED5C1C7ACDDA0FBF5A369E2495570E73C7A54BA6D0D495CB2EA62BA938C2B0C0AA96F237F683AFA629B75AB8B861D073E94DB17125E3B83D40A5CAD6E7541A68DAC83213ED576D01C0C74AA039E6B4EC97F779350CCA68B2E404ACAB96DE4E2B42E64C464565FCCE4E2A488A1B82063AD5BB388EEC914C8A02C7915A104410505120E0629474A5C51BB8C0A4F633B8669A5D554B120014ECFAD51BEDC7E507191EB48027D4957E55524FB0AAECD7521257807D6ADDA59AE3738C9AB251430000C520BB47397B69708EB70E41551938EB5AB6331921523A01535E4025B7917154B4B603CC43FC27141AA7A1A38C138A39F6A33CD2D031368FC6804F7A5A2800A28A280128CD140E680106314C95CAA16E00A76E03AD655F5C319B621E322816A437113EA12154E07BD28F0C45E5F6DFEB9AD5B181122DFDCD5B186EF4E24A93471D75E1A950164031587716171031DCA703DABD31B6818233F8553BBD361B943F28CFD2B44CDA359A3CD4F4E845308E335AFAE58ADA5C18C0C0233592795357D0EB8CEEAE579233826A1381C55D65CA1AA52A906909A19920FB559824078EF55C61971488E51A9A3252B32F1A07714C8DF70A78EB48E8DC8268F2322A0C81C55E75CAD5274C313418CE21DB34537DA8A9B1CCE2C7DCBF38AA99E68A2BBE27A48B16E326B490614D14512D8A129CBD0D1456240B45145001451450020A051454B00A05145340140A28A100B45145300A28A280105145140076A5A28A004504834E8C655B3E945159B219B1E1FB359A704F6C1AEB2F9BCA815071938A28AC2471D526D323D96C01EB57811C9F5A28AC0E463178C83499C654F434515A40B89CC788079173B870322A6B693CD801A28AD96C744762634A3A5145318514514000EF40A28A0031CD1DA8A2802485371AD38808901C75145152CCE7B183AEEAAD121453826B95699A562CE739E94515DF878AB1CB205DCC7181532DA3C830314515D72D11CF7772DC1A14B27248C7D6AFC1E1B3FC5FCE8A2B8E736B61AD8D187C37101C8FD6A8DD69D1DBDE9451C2E28A2B91D5937B9D54372F2FCAA47A0ACD53BAF5FD81A28A16ACF417C2626AB26EB92076AB9E1E1BAE00F4A28AEF87F0D9C151BB9DDC5858B3DB14E2C0D1457912F8888898CD01954739CD145524AC50C6BB8D01241FCAA8CDAE4317041FCA8A29A04664FE2B44242E7FEF9ACFB8D79E73C63F114515D304AC68547D4AE8F0A40150BCF2C808918FE068A2B5824C86F420C0073B98FD4D3C32B2107B0A28AEF8528DB630BB042AA8322A5B5B968A5183C668A2BCBC545599D149B3ABB79BCE855BD6A96B52948B03DE8A2BC2A3FC46749CD4272093DE9F4515F4F43E13CEADB8DCF06909E28A2BA4CA200D19C51452B8DA42AF4E68C628A295D936419A8678F23228A2A8712281C83B4D58E9451531DC0543BB2053042DB89071F8D14529A4D1A418A8AC036F24FA734F51D68A2A69C52149BB867268E3DE8A2B77B11762640E99A51276A28A4922D0A371E30280A68A2A5A561DDDC6CC18213E95734090C92B127B514570D448ECA4DD8E9E119C03DCD6B5BA048F14515C63911CD1EFE2886D54724514536493AC6A3A0A5C1ED4515002A9C67349BB009145148CFA99775A91898AD536BD69AE939E3145148D226FC7CC2A47A53B7018CF5A28AA206B7461EB5891C9E4DF32F666A28A92D1AE08229D451416149451400B451450021E8685E68A28020B962B0B91D4035856AC6562CDCF3451491515A1A4B72CAA4034E82E98C9B41A28AB5B11248D542360268560C0814515466717E2D005D8FA0AE6579CD1455AD8EDA5B0A3A1A82640558D14506DD0A4321C8A561F29A28A68E67B8F85CAF15717919A28A0E9A6283C1151CB1E549A28A19A3D8A64609A28A291CAD1FFD9);

SET FOREIGN_KEY_CHECKS = 1;
